time_s,freq_dev_hz,variant,variant_label
0.0,0.0,gov_step,gov target step
1.0,-0.009468954091218507,gov_step,gov target step
2.0,-0.009936940701036345,gov_step,gov target step
3.0,0.004105704993104808,gov_step,gov target step
4.0,0.0036796737991151574,gov_step,gov target step
5.0,0.0008420291528965507,gov_step,gov target step
6.0,-0.002247652747415785,gov_step,gov target step
7.0,0.006420937739424204,gov_step,gov target step
8.0,-0.00867158005393387,gov_step,gov target step
9.0,-0.021928721659647543,gov_step,gov target step
10.0,-0.014252756932982003,gov_step,gov target step
11.0,0.011223454959821133,gov_step,gov target step
12.0,0.0010460496797692898,gov_step,gov target step
13.0,-0.0020931232631271612,gov_step,gov target step
14.0,-0.006179473682574876,gov_step,gov target step
15.0,-0.002856400181163732,gov_step,gov target step
16.0,-0.015571160085132707,gov_step,gov target step
17.0,-0.008097415141425923,gov_step,gov target step
18.0,0.00548048836310322,gov_step,gov target step
19.0,0.005764045064995393,gov_step,gov target step
20.0,-0.008759036741938786,gov_step,gov target step
21.0,-0.010949222030769423,gov_step,gov target step
22.0,0.0028575474166769865,gov_step,gov target step
23.0,0.00871258869139968,gov_step,gov target step
24.0,0.001429070300322799,gov_step,gov target step
25.0,-0.001784356860141667,gov_step,gov target step
26.0,0.001879713821901774,gov_step,gov target step
27.0,-0.0019538168196797656,gov_step,gov target step
28.0,-0.007875136827937279,gov_step,gov target step
29.0,-0.004169696376037368,gov_step,gov target step
30.0,-0.0019110920641596252,gov_step,gov target step
31.0,-0.008305451284571497,gov_step,gov target step
32.0,-0.009243385033486096,gov_step,gov target step
33.0,-0.007745268521808235,gov_step,gov target step
34.0,-0.007368083510177481,gov_step,gov target step
35.0,-0.006489826877185134,gov_step,gov target step
36.0,-0.011662885697238945,gov_step,gov target step
37.0,-0.013986805320582718,gov_step,gov target step
38.0,-0.015165587569601069,gov_step,gov target step
39.0,-0.009554050659290603,gov_step,gov target step
40.0,-3.43962110793683e-06,gov_step,gov target step
41.0,0.010592224103382897,gov_step,gov target step
42.0,0.0023558670458578845,gov_step,gov target step
43.0,0.0009161626357290231,gov_step,gov target step
44.0,-0.004377183218351455,gov_step,gov target step
45.0,-0.01753638568538607,gov_step,gov target step
46.0,0.0038007148590235573,gov_step,gov target step
47.0,0.004133997279378576,gov_step,gov target step
48.0,-0.0005337755606316108,gov_step,gov target step
49.0,-0.012365178281226186,gov_step,gov target step
50.0,-0.004476459428390811,gov_step,gov target step
51.0,-0.0024025218241385815,gov_step,gov target step
52.0,-0.006352570068712815,gov_step,gov target step
53.0,-0.008949894219780763,gov_step,gov target step
54.0,-0.005562973468635768,gov_step,gov target step
55.0,-0.002583151858648325,gov_step,gov target step
56.0,-0.009191498625509276,gov_step,gov target step
57.0,-0.0032961791694696707,gov_step,gov target step
58.0,-0.010766713374315007,gov_step,gov target step
59.0,0.00176498510305656,gov_step,gov target step
60.0,0.00023914081060727455,gov_step,gov target step
61.0,0.010092294708328176,gov_step,gov target step
62.0,-0.0018623459846001111,gov_step,gov target step
63.0,0.0013960920532563037,gov_step,gov target step
64.0,-0.01182990164559694,gov_step,gov target step
65.0,-0.01618555875038341,gov_step,gov target step
66.0,-0.014602238190255523,gov_step,gov target step
67.0,-0.007524179344429172,gov_step,gov target step
68.0,0.004049406018529211,gov_step,gov target step
69.0,0.0034444108489140035,gov_step,gov target step
70.0,-0.009649143183199094,gov_step,gov target step
71.0,-0.01436195621357994,gov_step,gov target step
72.0,-0.005652122531167869,gov_step,gov target step
73.0,0.007370718612080829,gov_step,gov target step
74.0,-0.01215038464710716,gov_step,gov target step
75.0,-0.003888346262670428,gov_step,gov target step
76.0,-0.005601557083845243,gov_step,gov target step
77.0,-0.017312380247380688,gov_step,gov target step
78.0,-0.0007103782860284902,gov_step,gov target step
79.0,-0.003217220338029847,gov_step,gov target step
80.0,-0.0030985028663566005,gov_step,gov target step
81.0,0.0015599528973764265,gov_step,gov target step
82.0,0.001555029126905083,gov_step,gov target step
83.0,0.007506189075101588,gov_step,gov target step
84.0,-0.013867046981470565,gov_step,gov target step
85.0,-0.0016580793892884138,gov_step,gov target step
86.0,-0.0016575249078409904,gov_step,gov target step
87.0,-0.011866088658123441,gov_step,gov target step
88.0,-0.011628843072313266,gov_step,gov target step
89.0,0.002029986218907709,gov_step,gov target step
90.0,-0.011450795174234862,gov_step,gov target step
91.0,-0.019715383967502387,gov_step,gov target step
92.0,-0.009584063911927121,gov_step,gov target step
93.0,0.012696973869643635,gov_step,gov target step
94.0,0.010699995495553338,gov_step,gov target step
95.0,0.005676529115721252,gov_step,gov target step
96.0,-0.004491181402923594,gov_step,gov target step
97.0,-0.010956150161651745,gov_step,gov target step
98.0,-0.00832360445605751,gov_step,gov target step
99.0,-0.00468566776878232,gov_step,gov target step
100.0,-0.004542717360791482,gov_step,gov target step
101.0,0.0002490814429378929,gov_step,gov target step
102.0,-0.0012424273315025935,gov_step,gov target step
103.0,-2.1840634008007953e-05,gov_step,gov target step
104.0,-0.021617762496255466,gov_step,gov target step
105.0,-0.02263317351660188,gov_step,gov target step
106.0,-0.009069451164678277,gov_step,gov target step
107.0,-0.004984947371275972,gov_step,gov target step
108.0,0.0028260170362104375,gov_step,gov target step
109.0,0.0026838347641078286,gov_step,gov target step
110.0,0.006790226901247642,gov_step,gov target step
111.0,0.0036313194946346883,gov_step,gov target step
112.0,-0.002306686234974098,gov_step,gov target step
113.0,0.002808907788085513,gov_step,gov target step
114.0,0.011336246210733592,gov_step,gov target step
115.0,0.0010332785484967744,gov_step,gov target step
116.0,-0.011170088956504731,gov_step,gov target step
117.0,-0.005018229425588494,gov_step,gov target step
118.0,-0.0017939560438162694,gov_step,gov target step
119.0,-0.011949935571642367,gov_step,gov target step
120.0,-0.0002178524185647568,gov_step,gov target step
121.0,-0.0009865325923308355,gov_step,gov target step
122.0,-0.00589785039476487,gov_step,gov target step
123.0,-0.009057337092552853,gov_step,gov target step
124.0,0.0025206524171528244,gov_step,gov target step
125.0,-0.0010362476304570656,gov_step,gov target step
126.0,-0.0023698212942546704,gov_step,gov target step
127.0,-0.011218538922563859,gov_step,gov target step
128.0,-0.008285738936937292,gov_step,gov target step
129.0,-0.010817257749307085,gov_step,gov target step
130.0,-0.01633242164550186,gov_step,gov target step
131.0,-0.019699005658566637,gov_step,gov target step
132.0,0.004999706545345539,gov_step,gov target step
133.0,0.02403997017111692,gov_step,gov target step
134.0,0.008062964216133395,gov_step,gov target step
135.0,-0.0070438806044959,gov_step,gov target step
136.0,-0.018500116228228336,gov_step,gov target step
137.0,-0.009360636948749779,gov_step,gov target step
138.0,-0.006582468288001131,gov_step,gov target step
139.0,-0.011760498375699147,gov_step,gov target step
140.0,-0.010937400004784603,gov_step,gov target step
141.0,0.011653596295384538,gov_step,gov target step
142.0,0.011891335899347766,gov_step,gov target step
143.0,0.00298520543352776,gov_step,gov target step
144.0,-0.007322042327171374,gov_step,gov target step
145.0,-0.010947063077726416,gov_step,gov target step
146.0,-0.008813495935200422,gov_step,gov target step
147.0,-0.01014191005607179,gov_step,gov target step
148.0,-0.011450793014329275,gov_step,gov target step
149.0,0.0002227733607451654,gov_step,gov target step
150.0,0.009208888217768774,gov_step,gov target step
151.0,0.00697284325994918,gov_step,gov target step
152.0,-0.004246051633614023,gov_step,gov target step
153.0,-0.008904726228486926,gov_step,gov target step
154.0,-0.006759956322783811,gov_step,gov target step
155.0,-0.01916474215578834,gov_step,gov target step
156.0,-0.0017371525282516842,gov_step,gov target step
157.0,0.002966971767124349,gov_step,gov target step
158.0,-0.010645937915780834,gov_step,gov target step
159.0,-0.00039536599327094635,gov_step,gov target step
160.0,0.003599269269747296,gov_step,gov target step
161.0,0.009346656323718783,gov_step,gov target step
162.0,-0.0001038603952308037,gov_step,gov target step
163.0,0.003384780290263123,gov_step,gov target step
164.0,-0.014187812784709486,gov_step,gov target step
165.0,-0.009041558014502016,gov_step,gov target step
166.0,-2.3296824323004728e-05,gov_step,gov target step
167.0,-0.00572817378991175,gov_step,gov target step
168.0,-0.0005609692598773641,gov_step,gov target step
169.0,-0.006876781016476041,gov_step,gov target step
170.0,0.010187529952259133,gov_step,gov target step
171.0,0.0002261129182290489,gov_step,gov target step
172.0,-0.008777331212563855,gov_step,gov target step
173.0,-0.002202473425165774,gov_step,gov target step
174.0,0.008328700838453607,gov_step,gov target step
175.0,0.00655493094492865,gov_step,gov target step
176.0,-0.015093637189000919,gov_step,gov target step
177.0,-0.014555071232096317,gov_step,gov target step
178.0,0.000795183164754576,gov_step,gov target step
179.0,0.013954637704052253,gov_step,gov target step
180.0,0.00730586676028544,gov_step,gov target step
181.0,-0.0012659792827252048,gov_step,gov target step
182.0,-0.011256889788793245,gov_step,gov target step
183.0,-0.004927254785120905,gov_step,gov target step
184.0,0.006305028065218821,gov_step,gov target step
185.0,0.0008470099678836718,gov_step,gov target step
186.0,0.002296626075128927,gov_step,gov target step
187.0,-0.002716834032738813,gov_step,gov target step
188.0,0.007126058822040093,gov_step,gov target step
189.0,0.014378162754256074,gov_step,gov target step
190.0,0.007951151700633652,gov_step,gov target step
191.0,0.0022785377985323763,gov_step,gov target step
192.0,-0.01209559976365071,gov_step,gov target step
193.0,0.002371131930161141,gov_step,gov target step
194.0,-0.015600149715648826,gov_step,gov target step
195.0,-0.013795301629657697,gov_step,gov target step
196.0,-0.011724081626982574,gov_step,gov target step
197.0,0.00538468021399563,gov_step,gov target step
198.0,-0.000846716011964066,gov_step,gov target step
199.0,-0.0031149729476354082,gov_step,gov target step
200.0,-0.010333091182002097,gov_step,gov target step
201.0,3.899037715360265e-05,gov_step,gov target step
202.0,-0.0016296595982079332,gov_step,gov target step
203.0,-0.007642085086332351,gov_step,gov target step
204.0,0.005079606011348936,gov_step,gov target step
205.0,0.005120139641308086,gov_step,gov target step
206.0,0.010820859813214234,gov_step,gov target step
207.0,-0.0042122518287524,gov_step,gov target step
208.0,-0.0185844125839707,gov_step,gov target step
209.0,0.0004150524674750855,gov_step,gov target step
210.0,0.00789745760265248,gov_step,gov target step
211.0,0.0023809673201569126,gov_step,gov target step
212.0,0.001281516500291069,gov_step,gov target step
213.0,-0.0038212547766636185,gov_step,gov target step
214.0,0.00019055638437848188,gov_step,gov target step
215.0,0.008910410543778724,gov_step,gov target step
216.0,-0.0036076209548907556,gov_step,gov target step
217.0,-0.0025007072254745744,gov_step,gov target step
218.0,0.0013386478499022303,gov_step,gov target step
219.0,-0.0012949985539512099,gov_step,gov target step
220.0,-0.014829140878160896,gov_step,gov target step
221.0,-0.0060769546937167185,gov_step,gov target step
222.0,0.009528964161531484,gov_step,gov target step
223.0,0.012813949973300431,gov_step,gov target step
224.0,0.00076406751742919,gov_step,gov target step
225.0,-0.0006034606925364727,gov_step,gov target step
226.0,0.002277450591727792,gov_step,gov target step
227.0,0.002670488901639345,gov_step,gov target step
228.0,0.00565308852942259,gov_step,gov target step
229.0,-0.002909699653479425,gov_step,gov target step
230.0,-0.0008400329914670657,gov_step,gov target step
231.0,0.009946670271965274,gov_step,gov target step
232.0,-0.009918513527049644,gov_step,gov target step
233.0,0.005981937604206955,gov_step,gov target step
234.0,0.008776068647438073,gov_step,gov target step
235.0,0.011359492799867255,gov_step,gov target step
236.0,0.000843629509210686,gov_step,gov target step
237.0,-0.007951507300276717,gov_step,gov target step
238.0,-0.008912044891509208,gov_step,gov target step
239.0,-0.021178857119499295,gov_step,gov target step
240.0,-0.010228396478795254,gov_step,gov target step
241.0,0.006854359571062396,gov_step,gov target step
242.0,0.013343499144014004,gov_step,gov target step
243.0,-0.013265833952282868,gov_step,gov target step
244.0,-0.009973960554352512,gov_step,gov target step
245.0,-0.005356040290889208,gov_step,gov target step
246.0,0.003080503068724205,gov_step,gov target step
247.0,0.001763782454529128,gov_step,gov target step
248.0,0.0153979468584442,gov_step,gov target step
249.0,0.0007199397892510007,gov_step,gov target step
250.0,-0.0025181074074165366,gov_step,gov target step
251.0,-0.0035183737145594307,gov_step,gov target step
252.0,0.0024251271250230744,gov_step,gov target step
253.0,-0.007208211509113216,gov_step,gov target step
254.0,-0.004038280280918016,gov_step,gov target step
255.0,-0.013859957849895466,gov_step,gov target step
256.0,0.007828591721987799,gov_step,gov target step
257.0,0.009164683569653498,gov_step,gov target step
258.0,0.024107335008944908,gov_step,gov target step
259.0,0.011990681322462393,gov_step,gov target step
260.0,-0.004019740926759496,gov_step,gov target step
261.0,-0.011323758107428805,gov_step,gov target step
262.0,-0.006074462755594201,gov_step,gov target step
263.0,0.0030799551707438866,gov_step,gov target step
264.0,0.01457887942168945,gov_step,gov target step
265.0,-0.0038838082314329725,gov_step,gov target step
266.0,-0.003886434907542924,gov_step,gov target step
267.0,0.006580154482014322,gov_step,gov target step
268.0,0.003551499314302653,gov_step,gov target step
269.0,-0.005688153278287089,gov_step,gov target step
270.0,0.0010412210284638235,gov_step,gov target step
271.0,-0.0007744749005844653,gov_step,gov target step
272.0,0.0060352049496747995,gov_step,gov target step
273.0,-0.00393426502158567,gov_step,gov target step
274.0,0.002780531220376581,gov_step,gov target step
275.0,0.006268471067696346,gov_step,gov target step
276.0,-0.007407448595115884,gov_step,gov target step
277.0,-0.009164941419581574,gov_step,gov target step
278.0,-0.015355651097224143,gov_step,gov target step
279.0,-0.004340909509228386,gov_step,gov target step
280.0,0.010721020864865594,gov_step,gov target step
281.0,0.01676764628447014,gov_step,gov target step
282.0,-0.00700492055355717,gov_step,gov target step
283.0,-0.012150084437303477,gov_step,gov target step
284.0,0.004234917880481248,gov_step,gov target step
285.0,-9.153175169807071e-05,gov_step,gov target step
286.0,0.006032190969462725,gov_step,gov target step
287.0,-0.008574740869435882,gov_step,gov target step
288.0,0.0006117377044390082,gov_step,gov target step
289.0,-0.005628551494845091,gov_step,gov target step
290.0,-0.0052834303396043225,gov_step,gov target step
291.0,-0.008931971555041773,gov_step,gov target step
292.0,0.007694006000114051,gov_step,gov target step
293.0,0.00836956340383832,gov_step,gov target step
294.0,0.013380062268968373,gov_step,gov target step
295.0,0.0020201771111816313,gov_step,gov target step
296.0,-0.0061076559880035575,gov_step,gov target step
297.0,-0.016083339164028043,gov_step,gov target step
298.0,-0.0060317332293102766,gov_step,gov target step
299.0,-0.000999097295215634,gov_step,gov target step
300.0,0.00610115121520316,gov_step,gov target step
301.0,0.005196702945950982,gov_step,gov target step
302.0,0.012048204600363377,gov_step,gov target step
303.0,0.003072883352479572,gov_step,gov target step
304.0,-0.0017502562102911234,gov_step,gov target step
305.0,0.0017557442961635417,gov_step,gov target step
306.0,3.9724607163726944e-05,gov_step,gov target step
307.0,0.006081665077020126,gov_step,gov target step
308.0,0.008762752109712224,gov_step,gov target step
309.0,-0.007252590525688163,gov_step,gov target step
310.0,0.0014211187807733339,gov_step,gov target step
311.0,0.00302093383055535,gov_step,gov target step
312.0,0.01685292153487783,gov_step,gov target step
313.0,0.0016910376874790245,gov_step,gov target step
314.0,-0.009888274934832797,gov_step,gov target step
315.0,0.0012371519528686648,gov_step,gov target step
316.0,-0.007225380797171166,gov_step,gov target step
317.0,0.015344048595444804,gov_step,gov target step
318.0,0.0030813948374097677,gov_step,gov target step
319.0,-0.0003047551900237089,gov_step,gov target step
320.0,-0.0015009335547300218,gov_step,gov target step
321.0,-0.0006152006037862812,gov_step,gov target step
322.0,5.0732869145697634e-05,gov_step,gov target step
323.0,-0.006053489642774412,gov_step,gov target step
324.0,0.0050708345645134045,gov_step,gov target step
325.0,0.006071563786669287,gov_step,gov target step
326.0,0.007220485415664335,gov_step,gov target step
327.0,0.01348341095614991,gov_step,gov target step
328.0,0.004480679065057558,gov_step,gov target step
329.0,0.0029734297349381933,gov_step,gov target step
330.0,0.011202925185820334,gov_step,gov target step
331.0,0.009951524500064757,gov_step,gov target step
332.0,0.008479963674616897,gov_step,gov target step
333.0,-0.011011587528195754,gov_step,gov target step
334.0,-0.004844328709820989,gov_step,gov target step
335.0,-0.007524336202995308,gov_step,gov target step
336.0,0.011834350667667692,gov_step,gov target step
337.0,0.005531066900767989,gov_step,gov target step
338.0,-0.007036417824728414,gov_step,gov target step
339.0,0.0015029867594895663,gov_step,gov target step
340.0,-0.005211463591296983,gov_step,gov target step
341.0,-0.002810795058205695,gov_step,gov target step
342.0,0.013865091009379604,gov_step,gov target step
343.0,0.008891471739840284,gov_step,gov target step
344.0,0.0036978345285554326,gov_step,gov target step
345.0,0.007505856017120394,gov_step,gov target step
346.0,0.01441207844187442,gov_step,gov target step
347.0,0.0024169374260241128,gov_step,gov target step
348.0,0.004410171843476363,gov_step,gov target step
349.0,-0.01133331288595718,gov_step,gov target step
350.0,0.0027145737646394608,gov_step,gov target step
351.0,0.01927068468585702,gov_step,gov target step
352.0,0.01379825093237308,gov_step,gov target step
353.0,0.007483386723867724,gov_step,gov target step
354.0,-0.0139665386221699,gov_step,gov target step
355.0,0.005558434839190163,gov_step,gov target step
356.0,0.007140719699032516,gov_step,gov target step
357.0,0.012175349850291894,gov_step,gov target step
358.0,-0.0019198777230533537,gov_step,gov target step
359.0,0.00552338097541849,gov_step,gov target step
360.0,0.009796813450106967,gov_step,gov target step
361.0,0.009164391693610163,gov_step,gov target step
362.0,0.008161472100995937,gov_step,gov target step
363.0,0.0060849684558705874,gov_step,gov target step
364.0,0.007924850639597913,gov_step,gov target step
365.0,0.00084693682719017,gov_step,gov target step
366.0,0.003653742740654664,gov_step,gov target step
367.0,0.007493206600512892,gov_step,gov target step
368.0,0.008675487325939812,gov_step,gov target step
369.0,0.0044797517213623905,gov_step,gov target step
370.0,0.009311200929791319,gov_step,gov target step
371.0,-0.0056812317455468,gov_step,gov target step
372.0,-0.006221107376980228,gov_step,gov target step
373.0,-0.004046431045647836,gov_step,gov target step
374.0,0.00930673226328782,gov_step,gov target step
375.0,0.025474206461995053,gov_step,gov target step
376.0,0.006465133011452906,gov_step,gov target step
377.0,0.009163561014284838,gov_step,gov target step
378.0,0.018903312806539674,gov_step,gov target step
379.0,0.004490200239306574,gov_step,gov target step
380.0,-0.011390237532580283,gov_step,gov target step
381.0,-0.0055850323659112355,gov_step,gov target step
382.0,-0.0007514115117723819,gov_step,gov target step
383.0,0.007015401319239167,gov_step,gov target step
384.0,0.01396038505925734,gov_step,gov target step
385.0,0.009676898886055163,gov_step,gov target step
386.0,0.003403480208210574,gov_step,gov target step
387.0,0.0042904876676530534,gov_step,gov target step
388.0,-0.004936377113800017,gov_step,gov target step
389.0,-0.0009811299197215462,gov_step,gov target step
390.0,0.026827845233148295,gov_step,gov target step
391.0,0.00918149455832129,gov_step,gov target step
392.0,0.002700137263458302,gov_step,gov target step
393.0,-0.000991191637633726,gov_step,gov target step
394.0,0.0131123836660052,gov_step,gov target step
395.0,0.01840236871246681,gov_step,gov target step
396.0,0.0044485854122156,gov_step,gov target step
397.0,0.002551750469139691,gov_step,gov target step
398.0,0.0038580206985505683,gov_step,gov target step
399.0,0.006131628949432866,gov_step,gov target step
400.0,-0.0039546516476529625,gov_step,gov target step
401.0,-0.0055396001304575115,gov_step,gov target step
402.0,0.0009244160237420473,gov_step,gov target step
403.0,0.007404647146169729,gov_step,gov target step
404.0,0.007001891969533602,gov_step,gov target step
405.0,0.004643815639240323,gov_step,gov target step
406.0,0.012297570961337101,gov_step,gov target step
407.0,0.008241702445617172,gov_step,gov target step
408.0,-0.004832877068825514,gov_step,gov target step
409.0,0.011897764613562067,gov_step,gov target step
410.0,0.013938783688765,gov_step,gov target step
411.0,0.015311752520004163,gov_step,gov target step
412.0,0.020337998875952223,gov_step,gov target step
413.0,0.008288317751099505,gov_step,gov target step
414.0,-0.00039815247783403507,gov_step,gov target step
415.0,0.0039828316989254375,gov_step,gov target step
416.0,0.006878148421698427,gov_step,gov target step
417.0,-0.003083926239750845,gov_step,gov target step
418.0,0.004062375245421634,gov_step,gov target step
419.0,0.006237143900036379,gov_step,gov target step
420.0,0.0009610544636506901,gov_step,gov target step
421.0,0.00414907370873685,gov_step,gov target step
422.0,-0.001912459237347619,gov_step,gov target step
423.0,0.01184890007208228,gov_step,gov target step
424.0,0.0020866290847854074,gov_step,gov target step
425.0,0.012212567642939653,gov_step,gov target step
426.0,0.010963036753741662,gov_step,gov target step
427.0,0.014277341704080904,gov_step,gov target step
428.0,0.005338542346415842,gov_step,gov target step
429.0,0.012716171314384184,gov_step,gov target step
430.0,0.011135896449099292,gov_step,gov target step
431.0,0.009161322832698104,gov_step,gov target step
432.0,0.0024271107409745696,gov_step,gov target step
433.0,0.010716704438302749,gov_step,gov target step
434.0,-0.004906223229890205,gov_step,gov target step
435.0,0.0122143647361872,gov_step,gov target step
436.0,0.022561427181142513,gov_step,gov target step
437.0,0.004207534693456694,gov_step,gov target step
438.0,0.006967352257283288,gov_step,gov target step
439.0,0.013997900292976873,gov_step,gov target step
440.0,0.004980742736129251,gov_step,gov target step
441.0,0.012257163725846176,gov_step,gov target step
442.0,0.00884495008387276,gov_step,gov target step
443.0,-0.0002000784482758533,gov_step,gov target step
444.0,-0.006280629403667692,gov_step,gov target step
445.0,0.0015677231018429438,gov_step,gov target step
446.0,0.004077811324196823,gov_step,gov target step
447.0,0.022497303144888292,gov_step,gov target step
448.0,0.021419252844072645,gov_step,gov target step
449.0,0.00817083272523167,gov_step,gov target step
450.0,0.004566879181795436,gov_step,gov target step
451.0,0.013664140349587406,gov_step,gov target step
452.0,0.022346063825513518,gov_step,gov target step
453.0,0.02151071492161094,gov_step,gov target step
454.0,0.006324902543002331,gov_step,gov target step
455.0,0.00297200844828982,gov_step,gov target step
456.0,-0.0003122803715216449,gov_step,gov target step
457.0,0.012402296333178242,gov_step,gov target step
458.0,0.01622395260459264,gov_step,gov target step
459.0,0.01628474585392059,gov_step,gov target step
460.0,0.006260057109672701,gov_step,gov target step
461.0,0.004871489462661138,gov_step,gov target step
462.0,0.006277192707013768,gov_step,gov target step
463.0,0.016889996703199905,gov_step,gov target step
464.0,0.01182945195495222,gov_step,gov target step
465.0,0.010350642140322108,gov_step,gov target step
466.0,-0.00015377842117691998,gov_step,gov target step
467.0,0.005472448194359103,gov_step,gov target step
468.0,0.0031024139920932114,gov_step,gov target step
469.0,0.02075721140450959,gov_step,gov target step
470.0,0.014301118245989564,gov_step,gov target step
471.0,0.009591813242910696,gov_step,gov target step
472.0,0.006223347996003881,gov_step,gov target step
473.0,0.01303342311362865,gov_step,gov target step
474.0,-0.00024532729363979655,gov_step,gov target step
475.0,0.010052367829884723,gov_step,gov target step
476.0,0.022290682210646118,gov_step,gov target step
477.0,0.020642948057778554,gov_step,gov target step
478.0,0.01643295982849402,gov_step,gov target step
479.0,-0.002456288195107348,gov_step,gov target step
480.0,0.001985223929099611,gov_step,gov target step
481.0,0.011823629751273046,gov_step,gov target step
482.0,0.015600808224349727,gov_step,gov target step
483.0,0.010896372782212005,gov_step,gov target step
484.0,0.0066856583311381,gov_step,gov target step
485.0,0.030141682390403268,gov_step,gov target step
486.0,0.015058647942374215,gov_step,gov target step
487.0,0.012547111102407804,gov_step,gov target step
488.0,0.026362483085531352,gov_step,gov target step
489.0,0.016143244965673986,gov_step,gov target step
490.0,-0.0020022872999625463,gov_step,gov target step
491.0,-0.0014358047006401975,gov_step,gov target step
492.0,0.00491681541514577,gov_step,gov target step
493.0,0.0008517484860215419,gov_step,gov target step
494.0,0.021184348960900934,gov_step,gov target step
495.0,0.04000943777016097,gov_step,gov target step
496.0,0.017559889548981467,gov_step,gov target step
497.0,0.010646403667791127,gov_step,gov target step
498.0,0.017150263541854116,gov_step,gov target step
499.0,0.019290100533426724,gov_step,gov target step
500.0,0.010324335150722064,gov_step,gov target step
501.0,0.015191320099914307,gov_step,gov target step
502.0,0.02309500084131777,gov_step,gov target step
503.0,0.01590334646491609,gov_step,gov target step
504.0,0.012316217121459694,gov_step,gov target step
505.0,0.030860153680385416,gov_step,gov target step
506.0,0.02393146928849177,gov_step,gov target step
507.0,0.023371839946824124,gov_step,gov target step
508.0,0.012050889904315909,gov_step,gov target step
509.0,0.023374370245541343,gov_step,gov target step
510.0,0.012789377722399742,gov_step,gov target step
511.0,0.015127505284922016,gov_step,gov target step
512.0,0.013701311196601118,gov_step,gov target step
513.0,0.010510680223601021,gov_step,gov target step
514.0,0.02456565897231311,gov_step,gov target step
515.0,0.017097361133027178,gov_step,gov target step
516.0,0.017184742976921186,gov_step,gov target step
517.0,0.01800764517910114,gov_step,gov target step
518.0,0.01090147609664971,gov_step,gov target step
519.0,0.023242393276174944,gov_step,gov target step
520.0,0.024467198141904234,gov_step,gov target step
521.0,0.01755178754057063,gov_step,gov target step
522.0,0.014444033715341753,gov_step,gov target step
523.0,0.0113424219130831,gov_step,gov target step
524.0,0.015718770568762253,gov_step,gov target step
525.0,0.016363104475418666,gov_step,gov target step
526.0,0.016524484840423348,gov_step,gov target step
527.0,0.020412068871196176,gov_step,gov target step
528.0,0.03689874566723095,gov_step,gov target step
529.0,0.03706085893552036,gov_step,gov target step
530.0,0.008771590305260979,gov_step,gov target step
531.0,0.01092440247167481,gov_step,gov target step
532.0,0.009469783242246343,gov_step,gov target step
533.0,0.016388645177132233,gov_step,gov target step
534.0,0.01776076483821054,gov_step,gov target step
535.0,0.023547338548022267,gov_step,gov target step
536.0,0.0027682370207449125,gov_step,gov target step
537.0,0.016242267308186342,gov_step,gov target step
538.0,0.022712599320109383,gov_step,gov target step
539.0,0.03735673494713154,gov_step,gov target step
540.0,0.008026172884392224,gov_step,gov target step
541.0,0.010155952401951218,gov_step,gov target step
542.0,0.01555012696821123,gov_step,gov target step
543.0,0.01253848977663452,gov_step,gov target step
544.0,0.020817139743334323,gov_step,gov target step
545.0,0.01718973996876816,gov_step,gov target step
546.0,0.021823654941908188,gov_step,gov target step
547.0,0.034607386833931386,gov_step,gov target step
548.0,0.025078413014778533,gov_step,gov target step
549.0,0.021864352180154256,gov_step,gov target step
550.0,0.01795762766878095,gov_step,gov target step
551.0,0.020954948645184324,gov_step,gov target step
552.0,0.015253629726958984,gov_step,gov target step
553.0,0.030361506773872726,gov_step,gov target step
554.0,0.03409785860762682,gov_step,gov target step
555.0,0.02473104069957266,gov_step,gov target step
556.0,0.02372850591663589,gov_step,gov target step
557.0,0.01828473329255509,gov_step,gov target step
558.0,0.006690933902491203,gov_step,gov target step
559.0,0.007490919804560292,gov_step,gov target step
560.0,0.02325947238532855,gov_step,gov target step
561.0,0.029601754801564795,gov_step,gov target step
562.0,0.026469400143418476,gov_step,gov target step
563.0,0.020307228406140077,gov_step,gov target step
564.0,0.024256899890624517,gov_step,gov target step
565.0,0.012857860266821675,gov_step,gov target step
566.0,0.012868437986561787,gov_step,gov target step
567.0,0.021084377192477355,gov_step,gov target step
568.0,0.021096655305963274,gov_step,gov target step
569.0,0.02193223999389815,gov_step,gov target step
570.0,0.03428698478843639,gov_step,gov target step
571.0,0.02661695132980757,gov_step,gov target step
572.0,0.039819015468967045,gov_step,gov target step
573.0,0.024191603815291174,gov_step,gov target step
574.0,0.01927035599338378,gov_step,gov target step
575.0,0.020793796961093847,gov_step,gov target step
576.0,0.013416681303213274,gov_step,gov target step
577.0,0.020202011265286757,gov_step,gov target step
578.0,0.026535694290683587,gov_step,gov target step
579.0,0.02733225964735908,gov_step,gov target step
580.0,0.044510869381473306,gov_step,gov target step
581.0,0.03156731439181382,gov_step,gov target step
582.0,0.033815635240004305,gov_step,gov target step
583.0,0.032615162765177175,gov_step,gov target step
584.0,0.015414753581231011,gov_step,gov target step
585.0,0.012772272766374826,gov_step,gov target step
586.0,0.02226693256668799,gov_step,gov target step
587.0,0.02407382114665957,gov_step,gov target step
588.0,0.028752123159709875,gov_step,gov target step
589.0,0.02413988803380729,gov_step,gov target step
590.0,0.0036411574899464227,gov_step,gov target step
591.0,0.010374988577774857,gov_step,gov target step
592.0,0.028479431027434998,gov_step,gov target step
593.0,0.03502926932591244,gov_step,gov target step
594.0,0.038170470358172004,gov_step,gov target step
595.0,0.03978643034494134,gov_step,gov target step
596.0,0.02283305035031269,gov_step,gov target step
597.0,0.02022001773376303,gov_step,gov target step
598.0,0.013069488973114218,gov_step,gov target step
599.0,0.01866307322952121,gov_step,gov target step
600.0,0.02802308666766784,gov_step,gov target step
601.0,0.028147537271530076,gov_step,gov target step
602.0,0.03842406985560043,gov_step,gov target step
603.0,0.02604273044989558,gov_step,gov target step
604.0,0.036507552788647146,gov_step,gov target step
605.0,0.032615773800892534,gov_step,gov target step
606.0,0.014909247567409523,gov_step,gov target step
607.0,0.010835844046441778,gov_step,gov target step
608.0,0.023453985698798085,gov_step,gov target step
609.0,0.026423205403425243,gov_step,gov target step
610.0,0.030418730907064706,gov_step,gov target step
611.0,0.03548473394269447,gov_step,gov target step
612.0,0.039127747639469135,gov_step,gov target step
613.0,0.03835650323097184,gov_step,gov target step
614.0,0.022075217783679157,gov_step,gov target step
615.0,0.016923423176375962,gov_step,gov target step
616.0,0.015754669242915575,gov_step,gov target step
617.0,0.03152493908129994,gov_step,gov target step
618.0,0.03618732380551659,gov_step,gov target step
619.0,0.033573998375593384,gov_step,gov target step
620.0,0.024195707527527865,gov_step,gov target step
621.0,0.027206930581140654,gov_step,gov target step
622.0,0.02909213916507447,gov_step,gov target step
623.0,0.012323489348746719,gov_step,gov target step
624.0,0.0217083583197919,gov_step,gov target step
625.0,0.01712691667027144,gov_step,gov target step
626.0,0.022200506553344823,gov_step,gov target step
627.0,0.025976892285242137,gov_step,gov target step
628.0,0.04583157171980545,gov_step,gov target step
629.0,0.028657999666670264,gov_step,gov target step
630.0,0.030593340100741884,gov_step,gov target step
631.0,0.04497199861472456,gov_step,gov target step
632.0,0.025040647708389763,gov_step,gov target step
633.0,0.025611974557673278,gov_step,gov target step
634.0,0.031655441407658635,gov_step,gov target step
635.0,0.036117203380610086,gov_step,gov target step
636.0,0.03636765734686964,gov_step,gov target step
637.0,0.028659894767386618,gov_step,gov target step
638.0,0.03137498638145608,gov_step,gov target step
639.0,0.014230191723481056,gov_step,gov target step
640.0,0.028691817263792885,gov_step,gov target step
641.0,0.017072706139420468,gov_step,gov target step
642.0,0.018811834551741846,gov_step,gov target step
643.0,0.024496120507673247,gov_step,gov target step
644.0,0.030900962483695338,gov_step,gov target step
645.0,0.03565700407537342,gov_step,gov target step
646.0,0.022061358015039723,gov_step,gov target step
647.0,0.02154372377919156,gov_step,gov target step
648.0,0.04779112677854247,gov_step,gov target step
649.0,0.035562766337533525,gov_step,gov target step
650.0,0.021205623554227948,gov_step,gov target step
651.0,0.032885689023065545,gov_step,gov target step
652.0,0.03045104830984524,gov_step,gov target step
653.0,0.03322256652581235,gov_step,gov target step
654.0,0.04110442248115742,gov_step,gov target step
655.0,0.043600507941894406,gov_step,gov target step
656.0,0.042336920596190986,gov_step,gov target step
657.0,0.01811582474752438,gov_step,gov target step
658.0,0.041795380900997436,gov_step,gov target step
659.0,0.03305311816335088,gov_step,gov target step
660.0,0.029121635272257862,gov_step,gov target step
661.0,0.030544929942233345,gov_step,gov target step
662.0,0.042067142976853766,gov_step,gov target step
663.0,0.033697295649797177,gov_step,gov target step
664.0,0.030492845426719484,gov_step,gov target step
665.0,0.01622411689786496,gov_step,gov target step
666.0,0.030427476852779023,gov_step,gov target step
667.0,0.03473227085674768,gov_step,gov target step
668.0,0.027616172267119765,gov_step,gov target step
669.0,0.029952005765743195,gov_step,gov target step
670.0,0.03298609766453353,gov_step,gov target step
671.0,0.033055259315193375,gov_step,gov target step
672.0,0.028962325309169756,gov_step,gov target step
673.0,0.02871757971050215,gov_step,gov target step
674.0,0.03993865673023844,gov_step,gov target step
675.0,0.028364781804133266,gov_step,gov target step
676.0,0.020971482364471328,gov_step,gov target step
677.0,0.02386482163059256,gov_step,gov target step
678.0,0.027867006904953584,gov_step,gov target step
679.0,0.0339605256653952,gov_step,gov target step
680.0,0.040443546270467756,gov_step,gov target step
681.0,0.04083007498004054,gov_step,gov target step
682.0,0.028537664706220767,gov_step,gov target step
683.0,0.021999864853397,gov_step,gov target step
684.0,0.011958886789029677,gov_step,gov target step
685.0,0.02460960761968778,gov_step,gov target step
686.0,0.043980583031948406,gov_step,gov target step
687.0,0.045497761040933504,gov_step,gov target step
688.0,0.020717358790034446,gov_step,gov target step
689.0,0.027137889228199263,gov_step,gov target step
690.0,0.032848725485128405,gov_step,gov target step
691.0,0.03635531922920876,gov_step,gov target step
692.0,0.02381398813651181,gov_step,gov target step
693.0,0.029281385000690108,gov_step,gov target step
694.0,0.04088116279435283,gov_step,gov target step
695.0,0.04782148992314106,gov_step,gov target step
696.0,0.0307092663479569,gov_step,gov target step
697.0,0.025123236488164835,gov_step,gov target step
698.0,0.023833230147669582,gov_step,gov target step
699.0,0.029834702971518468,gov_step,gov target step
700.0,0.03538188701234901,gov_step,gov target step
701.0,0.036349203308825295,gov_step,gov target step
702.0,0.037428412241791165,gov_step,gov target step
703.0,0.039346024735933405,gov_step,gov target step
704.0,0.035888478988916894,gov_step,gov target step
705.0,0.029288071077728794,gov_step,gov target step
706.0,0.033481760432523267,gov_step,gov target step
707.0,0.028374447137120562,gov_step,gov target step
708.0,0.034122737554875826,gov_step,gov target step
709.0,0.03796673241023285,gov_step,gov target step
710.0,0.03332198500895167,gov_step,gov target step
711.0,0.03368670275968544,gov_step,gov target step
712.0,0.035431598401047815,gov_step,gov target step
713.0,0.0313985911206327,gov_step,gov target step
714.0,0.024795319243073877,gov_step,gov target step
715.0,0.019869392094040705,gov_step,gov target step
716.0,0.031401515231093136,gov_step,gov target step
717.0,0.04298566645871471,gov_step,gov target step
718.0,0.044738458187740804,gov_step,gov target step
719.0,0.04228048215626945,gov_step,gov target step
720.0,0.021905530024901587,gov_step,gov target step
721.0,0.014108177312199821,gov_step,gov target step
722.0,0.02594312137428112,gov_step,gov target step
723.0,0.03320522628123879,gov_step,gov target step
724.0,0.0421492066751572,gov_step,gov target step
725.0,0.042721927786080194,gov_step,gov target step
726.0,0.05201200207460843,gov_step,gov target step
727.0,0.04411841520086668,gov_step,gov target step
728.0,0.04185032969440616,gov_step,gov target step
729.0,0.030964019193442383,gov_step,gov target step
730.0,0.030707769801123774,gov_step,gov target step
731.0,0.019106013383130005,gov_step,gov target step
732.0,0.02617910507255683,gov_step,gov target step
733.0,0.031368796008668376,gov_step,gov target step
734.0,0.0396774193769156,gov_step,gov target step
735.0,0.031207260112675606,gov_step,gov target step
736.0,0.03393492145994603,gov_step,gov target step
737.0,0.038224073044461626,gov_step,gov target step
738.0,0.03849990949610138,gov_step,gov target step
739.0,0.04220646764501623,gov_step,gov target step
740.0,0.034964657952714084,gov_step,gov target step
741.0,0.0528362497347068,gov_step,gov target step
742.0,0.050359230530543364,gov_step,gov target step
743.0,0.038091979541765575,gov_step,gov target step
744.0,0.01751993808210006,gov_step,gov target step
745.0,0.023997916327309632,gov_step,gov target step
746.0,0.03762247185129297,gov_step,gov target step
747.0,0.045528323890624556,gov_step,gov target step
748.0,0.03400265877544939,gov_step,gov target step
749.0,0.03698984610206679,gov_step,gov target step
750.0,0.028305761592442025,gov_step,gov target step
751.0,0.03682257141852219,gov_step,gov target step
752.0,0.03683072086164252,gov_step,gov target step
753.0,0.04071149904046667,gov_step,gov target step
754.0,0.03192210128461159,gov_step,gov target step
755.0,0.039432557512797395,gov_step,gov target step
756.0,0.04114831593748036,gov_step,gov target step
757.0,0.04634759559400958,gov_step,gov target step
758.0,0.054502137068679346,gov_step,gov target step
759.0,0.038963658146329294,gov_step,gov target step
760.0,0.018150720050744695,gov_step,gov target step
761.0,0.02311124321761504,gov_step,gov target step
762.0,0.034888377422888084,gov_step,gov target step
763.0,0.04350560349844379,gov_step,gov target step
764.0,0.031169645482025388,gov_step,gov target step
765.0,0.03743595347032613,gov_step,gov target step
766.0,0.03120147868192813,gov_step,gov target step
767.0,0.04327215320698574,gov_step,gov target step
768.0,0.04812338459617482,gov_step,gov target step
769.0,0.04692537951927367,gov_step,gov target step
770.0,0.04402745291140597,gov_step,gov target step
771.0,0.04060426913567117,gov_step,gov target step
772.0,0.03308406495250882,gov_step,gov target step
773.0,0.037785278086106544,gov_step,gov target step
774.0,0.0652505730229036,gov_step,gov target step
775.0,0.034092732634207756,gov_step,gov target step
776.0,0.04333149131284131,gov_step,gov target step
777.0,0.0282061791302457,gov_step,gov target step
778.0,0.02941040054941446,gov_step,gov target step
779.0,0.02020214456238012,gov_step,gov target step
780.0,0.033600031166236555,gov_step,gov target step
781.0,0.04299469654455379,gov_step,gov target step
782.0,0.04826049423047429,gov_step,gov target step
783.0,0.032424048560915075,gov_step,gov target step
784.0,0.04902093464833612,gov_step,gov target step
785.0,0.04011746845154818,gov_step,gov target step
786.0,0.03970246302384517,gov_step,gov target step
787.0,0.042684562391648306,gov_step,gov target step
788.0,0.03789584912532451,gov_step,gov target step
789.0,0.03534272802096616,gov_step,gov target step
790.0,0.03398960478116386,gov_step,gov target step
791.0,0.033911053325610396,gov_step,gov target step
792.0,0.03643401295056137,gov_step,gov target step
793.0,0.03866549031674271,gov_step,gov target step
794.0,0.042911435329484604,gov_step,gov target step
795.0,0.040913502830322024,gov_step,gov target step
796.0,0.040323652812079835,gov_step,gov target step
797.0,0.04284769765735774,gov_step,gov target step
798.0,0.04026438459344028,gov_step,gov target step
799.0,0.043345101126797125,gov_step,gov target step
800.0,0.037811550098658664,gov_step,gov target step
801.0,0.032670740918057106,gov_step,gov target step
802.0,0.04447101896185579,gov_step,gov target step
803.0,0.03788663901281186,gov_step,gov target step
804.0,0.037970949519734454,gov_step,gov target step
805.0,0.040860347063520486,gov_step,gov target step
806.0,0.038178577951102355,gov_step,gov target step
807.0,0.03154270841080109,gov_step,gov target step
808.0,0.03621434802584478,gov_step,gov target step
809.0,0.04162600596265609,gov_step,gov target step
810.0,0.045380332339450824,gov_step,gov target step
811.0,0.029587844339129532,gov_step,gov target step
812.0,0.04066033685778958,gov_step,gov target step
813.0,0.04892784839449771,gov_step,gov target step
814.0,0.03958471230367078,gov_step,gov target step
815.0,0.039182404355169176,gov_step,gov target step
816.0,0.040002785754036374,gov_step,gov target step
817.0,0.0409895965320084,gov_step,gov target step
818.0,0.02605161229731312,gov_step,gov target step
819.0,0.037738628161689824,gov_step,gov target step
820.0,0.039559456142135296,gov_step,gov target step
821.0,0.039677979467063196,gov_step,gov target step
822.0,0.040862471397709044,gov_step,gov target step
823.0,0.02796394022485771,gov_step,gov target step
824.0,0.039304564119486685,gov_step,gov target step
825.0,0.05685717341695984,gov_step,gov target step
826.0,0.042182351299628884,gov_step,gov target step
827.0,0.03761541354580622,gov_step,gov target step
828.0,0.038333791689590946,gov_step,gov target step
829.0,0.03310789873455011,gov_step,gov target step
830.0,0.03834430783166809,gov_step,gov target step
831.0,0.03860905349545973,gov_step,gov target step
832.0,0.04264942058654242,gov_step,gov target step
833.0,0.04654994995355821,gov_step,gov target step
834.0,0.038965925891574216,gov_step,gov target step
835.0,0.049343769424874395,gov_step,gov target step
836.0,0.031009100361441,gov_step,gov target step
837.0,0.0310095552596934,gov_step,gov target step
838.0,0.052175434657315556,gov_step,gov target step
839.0,0.049196519067753464,gov_step,gov target step
840.0,0.03907460290978548,gov_step,gov target step
841.0,0.03346932886718612,gov_step,gov target step
842.0,0.040653569287791846,gov_step,gov target step
843.0,0.04213276772715435,gov_step,gov target step
844.0,0.04045643291640477,gov_step,gov target step
845.0,0.042016971970237904,gov_step,gov target step
846.0,0.04045056968129401,gov_step,gov target step
847.0,0.029878614488860755,gov_step,gov target step
848.0,0.05029724384120193,gov_step,gov target step
849.0,0.041173777894076835,gov_step,gov target step
850.0,0.03539119724124351,gov_step,gov target step
851.0,0.03682321265685129,gov_step,gov target step
852.0,0.03718952283557453,gov_step,gov target step
853.0,0.02841005620083159,gov_step,gov target step
854.0,0.04865402823700293,gov_step,gov target step
855.0,0.05303095846850958,gov_step,gov target step
856.0,0.04566487724131818,gov_step,gov target step
857.0,0.027901735346596013,gov_step,gov target step
858.0,0.026667370116273403,gov_step,gov target step
859.0,0.04462396631217391,gov_step,gov target step
860.0,0.04041868900359624,gov_step,gov target step
861.0,0.035943916896528094,gov_step,gov target step
862.0,0.03493133158552819,gov_step,gov target step
863.0,0.04156128498369327,gov_step,gov target step
864.0,0.043883193155225264,gov_step,gov target step
865.0,0.029742335211397908,gov_step,gov target step
866.0,0.04014342493344536,gov_step,gov target step
867.0,0.029851843435579895,gov_step,gov target step
868.0,0.03661230303421803,gov_step,gov target step
869.0,0.045098926821522944,gov_step,gov target step
870.0,0.05663830288575422,gov_step,gov target step
871.0,0.050520756926375476,gov_step,gov target step
872.0,0.04935179207120832,gov_step,gov target step
873.0,0.03824465165639612,gov_step,gov target step
874.0,0.03297399453058514,gov_step,gov target step
875.0,0.04193346450225732,gov_step,gov target step
876.0,0.04071014825008046,gov_step,gov target step
877.0,0.03689818656130939,gov_step,gov target step
878.0,0.04250089637086951,gov_step,gov target step
879.0,0.044804606853459106,gov_step,gov target step
880.0,0.03999081151960571,gov_step,gov target step
881.0,0.039949986643392776,gov_step,gov target step
882.0,0.04103240603912095,gov_step,gov target step
883.0,0.04662204929171132,gov_step,gov target step
884.0,0.046617229567504914,gov_step,gov target step
885.0,0.02795338480739762,gov_step,gov target step
886.0,0.02100225298678815,gov_step,gov target step
887.0,0.04884400066219374,gov_step,gov target step
888.0,0.07102865421256155,gov_step,gov target step
889.0,0.05218734089489807,gov_step,gov target step
890.0,0.03106707177333856,gov_step,gov target step
891.0,0.03936130333182852,gov_step,gov target step
892.0,0.03550101859827848,gov_step,gov target step
893.0,0.039452779554318695,gov_step,gov target step
894.0,0.04940600453789745,gov_step,gov target step
895.0,0.036027787284522717,gov_step,gov target step
896.0,0.04188141958701319,gov_step,gov target step
897.0,0.04521969509519774,gov_step,gov target step
898.0,0.03803953700799667,gov_step,gov target step
899.0,0.04010401317963819,gov_step,gov target step
900.0,0.04010401317963819,gov_step,gov target step
901.0,-0.5512585467597475,gov_step,gov target step
902.0,-2.770407907412309,gov_step,gov target step
903.0,-3.7939865162527298,gov_step,gov target step
904.0,-4.412256921393887,gov_step,gov target step
905.0,-4.7105659568614495,gov_step,gov target step
906.0,-4.744452025394105,gov_step,gov target step
907.0,-4.534824996357769,gov_step,gov target step
908.0,-4.138029597995279,gov_step,gov target step
909.0,-3.5606837373456224,gov_step,gov target step
910.0,-2.8441751202377175,gov_step,gov target step
911.0,-2.0872734459676723,gov_step,gov target step
912.0,-1.6471725288949424,gov_step,gov target step
913.0,-1.5187099592507747,gov_step,gov target step
914.0,-1.5421717919926414,gov_step,gov target step
915.0,-1.6298336811205516,gov_step,gov target step
916.0,-1.694923413333711,gov_step,gov target step
917.0,-1.7387452952936089,gov_step,gov target step
918.0,-1.773988480319022,gov_step,gov target step
919.0,-1.7728469850391626,gov_step,gov target step
920.0,-1.7603186667233617,gov_step,gov target step
921.0,-1.7558632034107036,gov_step,gov target step
922.0,-1.7632772627459081,gov_step,gov target step
923.0,-1.7651442843365173,gov_step,gov target step
924.0,-1.7447956897253691,gov_step,gov target step
925.0,-1.7418015693609346,gov_step,gov target step
926.0,-1.7281169469888025,gov_step,gov target step
927.0,-1.7249243609670262,gov_step,gov target step
928.0,-1.7228428549167574,gov_step,gov target step
929.0,-1.7150351709290201,gov_step,gov target step
930.0,-1.7222240895240803,gov_step,gov target step
931.0,-1.7219369314413546,gov_step,gov target step
932.0,-1.7222395705277993,gov_step,gov target step
933.0,-1.7017305807890648,gov_step,gov target step
934.0,-1.6915964748992662,gov_step,gov target step
935.0,-1.6992742093369162,gov_step,gov target step
936.0,-1.6862350692538497,gov_step,gov target step
937.0,-1.6861825196888969,gov_step,gov target step
938.0,-1.6804427330365468,gov_step,gov target step
939.0,-1.6562784729158375,gov_step,gov target step
940.0,-1.664288592987877,gov_step,gov target step
941.0,-1.6659301153482509,gov_step,gov target step
942.0,-1.6656729714161167,gov_step,gov target step
943.0,-1.6440449429119641,gov_step,gov target step
944.0,-1.6350944792000166,gov_step,gov target step
945.0,-1.6310124985750818,gov_step,gov target step
946.0,-1.6292596705663898,gov_step,gov target step
947.0,-1.6489141879024438,gov_step,gov target step
948.0,-1.6371281988881181,gov_step,gov target step
949.0,-1.623349105938512,gov_step,gov target step
950.0,-1.6217563318244044,gov_step,gov target step
951.0,-1.6224248555757281,gov_step,gov target step
952.0,-1.5860320534223482,gov_step,gov target step
953.0,-1.5853244108760212,gov_step,gov target step
954.0,-1.585894923748199,gov_step,gov target step
955.0,-1.6011246707052562,gov_step,gov target step
956.0,-1.5960017974181784,gov_step,gov target step
957.0,-1.5890755882357555,gov_step,gov target step
958.0,-1.5701610574993174,gov_step,gov target step
959.0,-1.5750975266220912,gov_step,gov target step
960.0,-1.5829544017879993,gov_step,gov target step
961.0,-1.5833967199897248,gov_step,gov target step
962.0,-1.5757941578984624,gov_step,gov target step
963.0,-1.5555606405497868,gov_step,gov target step
964.0,-1.5578330424374598,gov_step,gov target step
965.0,-1.553485141064237,gov_step,gov target step
966.0,-1.5444735336265136,gov_step,gov target step
967.0,-1.5270559136632578,gov_step,gov target step
968.0,-1.5353465909489916,gov_step,gov target step
969.0,-1.527148247178518,gov_step,gov target step
970.0,-1.529285395237141,gov_step,gov target step
971.0,-1.5296264944755622,gov_step,gov target step
972.0,-1.532359656205362,gov_step,gov target step
973.0,-1.5164976461179536,gov_step,gov target step
974.0,-1.5084185549641482,gov_step,gov target step
975.0,-1.518297911848443,gov_step,gov target step
976.0,-1.4997754293489463,gov_step,gov target step
977.0,-1.4964490855183543,gov_step,gov target step
978.0,-1.4899128066919687,gov_step,gov target step
979.0,-1.4817344632596208,gov_step,gov target step
980.0,-1.4797573217163484,gov_step,gov target step
981.0,-1.4819079801477186,gov_step,gov target step
982.0,-1.4879925669504868,gov_step,gov target step
983.0,-1.4908329206693849,gov_step,gov target step
984.0,-1.4697123977569437,gov_step,gov target step
985.0,-1.4495846163608483,gov_step,gov target step
986.0,-1.4481039590219646,gov_step,gov target step
987.0,-1.4450363618965612,gov_step,gov target step
988.0,-1.4452796844037508,gov_step,gov target step
989.0,-1.442262888123571,gov_step,gov target step
990.0,-1.4488938861668665,gov_step,gov target step
991.0,-1.430787764183974,gov_step,gov target step
992.0,-1.4252181503402617,gov_step,gov target step
993.0,-1.4219636229551402,gov_step,gov target step
994.0,-1.435415315488795,gov_step,gov target step
995.0,-1.4250874845262862,gov_step,gov target step
996.0,-1.4206039732673226,gov_step,gov target step
997.0,-1.4130424351190563,gov_step,gov target step
998.0,-1.4178970617622633,gov_step,gov target step
999.0,-1.4173168318720353,gov_step,gov target step
1000.0,-1.4050089711130243,gov_step,gov target step
1001.0,-1.3900198279440734,gov_step,gov target step
1002.0,-1.3750314613108117,gov_step,gov target step
1003.0,-1.3866488588107884,gov_step,gov target step
1004.0,-1.3906068523587845,gov_step,gov target step
1005.0,-1.3721105236741082,gov_step,gov target step
1006.0,-1.3655174793797165,gov_step,gov target step
1007.0,-1.3765594386904878,gov_step,gov target step
1008.0,-1.3767830700618022,gov_step,gov target step
1009.0,-1.3616500093045913,gov_step,gov target step
1010.0,-1.3570157563227636,gov_step,gov target step
1011.0,-1.3477143419237447,gov_step,gov target step
1012.0,-1.3614365879690937,gov_step,gov target step
1013.0,-1.3460276106652924,gov_step,gov target step
1014.0,-1.3499418088702764,gov_step,gov target step
1015.0,-1.3493735202826684,gov_step,gov target step
1016.0,-1.350878219955376,gov_step,gov target step
1017.0,-1.331901840885683,gov_step,gov target step
1018.0,-1.3281883028857644,gov_step,gov target step
1019.0,-1.3162360051704947,gov_step,gov target step
1020.0,-1.3036907188978075,gov_step,gov target step
1021.0,-1.3161796180616459,gov_step,gov target step
1022.0,-1.3071022064575866,gov_step,gov target step
1023.0,-1.3132222966352813,gov_step,gov target step
1024.0,-1.3201782502420345,gov_step,gov target step
1025.0,-1.3162851501379569,gov_step,gov target step
1026.0,-1.3015230973290026,gov_step,gov target step
1027.0,-1.2874187801706194,gov_step,gov target step
1028.0,-1.2919632340299825,gov_step,gov target step
1029.0,-1.2990544358744982,gov_step,gov target step
1030.0,-1.2864814106657496,gov_step,gov target step
1031.0,-1.2782389303204011,gov_step,gov target step
1032.0,-1.2719272021717076,gov_step,gov target step
1033.0,-1.2751819797203723,gov_step,gov target step
1034.0,-1.2823694645178652,gov_step,gov target step
1035.0,-1.2666952438064127,gov_step,gov target step
1036.0,-1.2499304715595905,gov_step,gov target step
1037.0,-1.269555526691435,gov_step,gov target step
1038.0,-1.262296214683729,gov_step,gov target step
1039.0,-1.2588415132755304,gov_step,gov target step
1040.0,-1.2446861109958007,gov_step,gov target step
1041.0,-1.2437448614574365,gov_step,gov target step
1042.0,-1.2486527443943252,gov_step,gov target step
1043.0,-1.2460473463263022,gov_step,gov target step
1044.0,-1.2481769663771014,gov_step,gov target step
1045.0,-1.2302619031464812,gov_step,gov target step
1046.0,-1.2213314567830258,gov_step,gov target step
1047.0,-1.2236097197910945,gov_step,gov target step
1048.0,-1.2221525762928387,gov_step,gov target step
1049.0,-1.2166209354789603,gov_step,gov target step
1050.0,-1.203175101919245,gov_step,gov target step
1051.0,-1.2099955590933908,gov_step,gov target step
1052.0,-1.20469123381175,gov_step,gov target step
1053.0,-1.1969644675505053,gov_step,gov target step
1054.0,-1.1988086299977896,gov_step,gov target step
1055.0,-1.193685475027415,gov_step,gov target step
1056.0,-1.1841779603170255,gov_step,gov target step
1057.0,-1.167068151004278,gov_step,gov target step
1058.0,-1.1933403512015173,gov_step,gov target step
1059.0,-1.1996157462616264,gov_step,gov target step
1060.0,-1.187093338534464,gov_step,gov target step
1061.0,-1.171967530642688,gov_step,gov target step
1062.0,-1.1495102944574498,gov_step,gov target step
1063.0,-1.1577282974996472,gov_step,gov target step
1064.0,-1.1710500475254748,gov_step,gov target step
1065.0,-1.175175195538447,gov_step,gov target step
1066.0,-1.1720271134175486,gov_step,gov target step
1067.0,-1.1649198483193657,gov_step,gov target step
1068.0,-1.1632358417694255,gov_step,gov target step
1069.0,-1.1472018213707558,gov_step,gov target step
1070.0,-1.1495577735351592,gov_step,gov target step
1071.0,-1.1419928307153016,gov_step,gov target step
1072.0,-1.1290608250929113,gov_step,gov target step
1073.0,-1.1210411058613379,gov_step,gov target step
1074.0,-1.1197601675495705,gov_step,gov target step
1075.0,-1.1343637524424022,gov_step,gov target step
1076.0,-1.126192979653613,gov_step,gov target step
1077.0,-1.115290305238179,gov_step,gov target step
1078.0,-1.1240297471076799,gov_step,gov target step
1079.0,-1.1265169630743244,gov_step,gov target step
1080.0,-1.1248685960146232,gov_step,gov target step
1081.0,-1.1164092515903667,gov_step,gov target step
1082.0,-1.1021161436920823,gov_step,gov target step
1083.0,-1.102424601319989,gov_step,gov target step
1084.0,-1.0997542974866636,gov_step,gov target step
1085.0,-1.0882730989583211,gov_step,gov target step
1086.0,-1.0824002205089744,gov_step,gov target step
1087.0,-1.0853661493957834,gov_step,gov target step
1088.0,-1.1030264668960332,gov_step,gov target step
1089.0,-1.0897542104449243,gov_step,gov target step
1090.0,-1.0920517030770527,gov_step,gov target step
1091.0,-1.0814709661046362,gov_step,gov target step
1092.0,-1.0800066470082315,gov_step,gov target step
1093.0,-1.0776518863302909,gov_step,gov target step
1094.0,-1.0764442859367551,gov_step,gov target step
1095.0,-1.0716492204596273,gov_step,gov target step
1096.0,-1.0711917413795091,gov_step,gov target step
1097.0,-1.0611286667539477,gov_step,gov target step
1098.0,-1.0658668608138266,gov_step,gov target step
1099.0,-1.0448686393434659,gov_step,gov target step
1100.0,-1.0441797025789357,gov_step,gov target step
1101.0,-1.0446113569167825,gov_step,gov target step
1102.0,-1.0366069260472321,gov_step,gov target step
1103.0,-1.0449091970942836,gov_step,gov target step
1104.0,-1.0301239987898492,gov_step,gov target step
1105.0,-1.0260290780603532,gov_step,gov target step
1106.0,-1.01700487464353,gov_step,gov target step
1107.0,-1.0405126629065253,gov_step,gov target step
1108.0,-1.034806409605411,gov_step,gov target step
1109.0,-1.0429616350132775,gov_step,gov target step
1110.0,-1.0358107927058335,gov_step,gov target step
1111.0,-1.0268088894721372,gov_step,gov target step
1112.0,-1.009761159252176,gov_step,gov target step
1113.0,-0.9968196922122163,gov_step,gov target step
1114.0,-1.0055085194197222,gov_step,gov target step
1115.0,-1.0081369498730641,gov_step,gov target step
1116.0,-0.994655499844388,gov_step,gov target step
1117.0,-0.9848418228002398,gov_step,gov target step
1118.0,-0.987149259028901,gov_step,gov target step
1119.0,-1.011056958969736,gov_step,gov target step
1120.0,-1.019617550652876,gov_step,gov target step
1121.0,-1.0010289940871808,gov_step,gov target step
1122.0,-0.988509125426682,gov_step,gov target step
1123.0,-0.9805390583567775,gov_step,gov target step
1124.0,-0.9693148265497165,gov_step,gov target step
1125.0,-0.9804752418783091,gov_step,gov target step
1126.0,-0.9913259017121279,gov_step,gov target step
1127.0,-0.9741097738992965,gov_step,gov target step
1128.0,-0.9653055137869693,gov_step,gov target step
1129.0,-0.9584684922328823,gov_step,gov target step
1130.0,-0.9571664936572155,gov_step,gov target step
1131.0,-0.9702096681669015,gov_step,gov target step
1132.0,-0.9536826069664328,gov_step,gov target step
1133.0,-0.954819675486307,gov_step,gov target step
1134.0,-0.9595275531843717,gov_step,gov target step
1135.0,-0.9548643657481781,gov_step,gov target step
1136.0,-0.9546235203233477,gov_step,gov target step
1137.0,-0.9466723413068046,gov_step,gov target step
1138.0,-0.9502013605917425,gov_step,gov target step
1139.0,-0.9324766040954535,gov_step,gov target step
1140.0,-0.9279295605110227,gov_step,gov target step
1141.0,-0.9287328592482047,gov_step,gov target step
1142.0,-0.9113878875180381,gov_step,gov target step
1143.0,-0.9163379243949454,gov_step,gov target step
1144.0,-0.9201547280604494,gov_step,gov target step
1145.0,-0.9326823759760816,gov_step,gov target step
1146.0,-0.9255021017644105,gov_step,gov target step
1147.0,-0.9187387907625921,gov_step,gov target step
1148.0,-0.9233466347989694,gov_step,gov target step
1149.0,-0.9053623884335482,gov_step,gov target step
1150.0,-0.8926884820175318,gov_step,gov target step
1151.0,-0.9026974007519883,gov_step,gov target step
1152.0,-0.8976534890672072,gov_step,gov target step
1153.0,-0.8925792766259155,gov_step,gov target step
1154.0,-0.9058820087709596,gov_step,gov target step
1155.0,-0.9147040914623994,gov_step,gov target step
1156.0,-0.9105056624333185,gov_step,gov target step
1157.0,-0.9053760805736033,gov_step,gov target step
1158.0,-0.9024118728845387,gov_step,gov target step
1159.0,-0.8754887818335111,gov_step,gov target step
1160.0,-0.8778491537279565,gov_step,gov target step
1161.0,-0.874039857719382,gov_step,gov target step
1162.0,-0.8711519937152379,gov_step,gov target step
1163.0,-0.8810286400442191,gov_step,gov target step
1164.0,-0.8653361823020345,gov_step,gov target step
1165.0,-0.8546704599604826,gov_step,gov target step
1166.0,-0.8702093156914237,gov_step,gov target step
1167.0,-0.8783295428301607,gov_step,gov target step
1168.0,-0.8726312519949331,gov_step,gov target step
1169.0,-0.85813085525974,gov_step,gov target step
1170.0,-0.863211002181119,gov_step,gov target step
1171.0,-0.8666555600489767,gov_step,gov target step
1172.0,-0.8582934741701309,gov_step,gov target step
1173.0,-0.8418809585949538,gov_step,gov target step
1174.0,-0.8409036615554655,gov_step,gov target step
1175.0,-0.8526918697127406,gov_step,gov target step
1176.0,-0.858021928706163,gov_step,gov target step
1177.0,-0.8439324162036543,gov_step,gov target step
1178.0,-0.8363443116253255,gov_step,gov target step
1179.0,-0.8352578058236504,gov_step,gov target step
1180.0,-0.8351251502999579,gov_step,gov target step
1181.0,-0.8270532479433901,gov_step,gov target step
1182.0,-0.8066585656267633,gov_step,gov target step
1183.0,-0.8295661943061949,gov_step,gov target step
1184.0,-0.8443049946637249,gov_step,gov target step
1185.0,-0.8274661751291479,gov_step,gov target step
1186.0,-0.8130881192932327,gov_step,gov target step
1187.0,-0.8151858792086153,gov_step,gov target step
1188.0,-0.8139508580405153,gov_step,gov target step
1189.0,-0.8199043275273188,gov_step,gov target step
1190.0,-0.815614476860258,gov_step,gov target step
1191.0,-0.8060703290086879,gov_step,gov target step
1192.0,-0.7942888037912743,gov_step,gov target step
1193.0,-0.8045607211396111,gov_step,gov target step
1194.0,-0.8092995145369097,gov_step,gov target step
1195.0,-0.8131702553226239,gov_step,gov target step
1196.0,-0.7945888967120807,gov_step,gov target step
1197.0,-0.803184837918729,gov_step,gov target step
1198.0,-0.7828529689201025,gov_step,gov target step
1199.0,-0.7902640571522301,gov_step,gov target step
1200.0,-0.7740801272520481,gov_step,gov target step
1201.0,-0.7725282804467226,gov_step,gov target step
1202.0,-0.7924407008244394,gov_step,gov target step
1203.0,-0.7967201946989899,gov_step,gov target step
1204.0,-0.7810866138484673,gov_step,gov target step
1205.0,-0.7704410310341747,gov_step,gov target step
1206.0,-0.7717887427057235,gov_step,gov target step
1207.0,-0.777097626767691,gov_step,gov target step
1208.0,-0.7810235966881374,gov_step,gov target step
1209.0,-0.7670161920090024,gov_step,gov target step
1210.0,-0.7509056226933941,gov_step,gov target step
1211.0,-0.7588803470141503,gov_step,gov target step
1212.0,-0.7574699717333533,gov_step,gov target step
1213.0,-0.7482377476861557,gov_step,gov target step
1214.0,-0.75646838634021,gov_step,gov target step
1215.0,-0.758145357015394,gov_step,gov target step
1216.0,-0.7576742319834273,gov_step,gov target step
1217.0,-0.745917474756872,gov_step,gov target step
1218.0,-0.7501022546233127,gov_step,gov target step
1219.0,-0.7402409469245508,gov_step,gov target step
1220.0,-0.7351063458919116,gov_step,gov target step
1221.0,-0.7369843647693619,gov_step,gov target step
1222.0,-0.7533323780732615,gov_step,gov target step
1223.0,-0.7531057440739475,gov_step,gov target step
1224.0,-0.7477471491996468,gov_step,gov target step
1225.0,-0.7442076270412579,gov_step,gov target step
1226.0,-0.7576190911368186,gov_step,gov target step
1227.0,-0.7363739750659071,gov_step,gov target step
1228.0,-0.7297606350933306,gov_step,gov target step
1229.0,-0.7243487475558275,gov_step,gov target step
1230.0,-0.7226346075229517,gov_step,gov target step
1231.0,-0.728889487609794,gov_step,gov target step
1232.0,-0.7126919033106471,gov_step,gov target step
1233.0,-0.7023861668111109,gov_step,gov target step
1234.0,-0.7069785105462723,gov_step,gov target step
1235.0,-0.7081943698888993,gov_step,gov target step
1236.0,-0.7094562682699679,gov_step,gov target step
1237.0,-0.7177125327104017,gov_step,gov target step
1238.0,-0.7059722907408217,gov_step,gov target step
1239.0,-0.7002584818620172,gov_step,gov target step
1240.0,-0.6993615770797601,gov_step,gov target step
1241.0,-0.6951820281894783,gov_step,gov target step
1242.0,-0.6813432838426836,gov_step,gov target step
1243.0,-0.6862874247333117,gov_step,gov target step
1244.0,-0.6975732786521727,gov_step,gov target step
1245.0,-0.706104563758867,gov_step,gov target step
1246.0,-0.6885425862336136,gov_step,gov target step
1247.0,-0.6783272405375462,gov_step,gov target step
1248.0,-0.6813848277999179,gov_step,gov target step
1249.0,-0.6673779582171435,gov_step,gov target step
1250.0,-0.6732175960767894,gov_step,gov target step
1251.0,-0.6694316601730055,gov_step,gov target step
1252.0,-0.6870621873197713,gov_step,gov target step
1253.0,-0.6782166345158847,gov_step,gov target step
1254.0,-0.6883848979606677,gov_step,gov target step
1255.0,-0.6890399086344945,gov_step,gov target step
1256.0,-0.6697193405841517,gov_step,gov target step
1257.0,-0.6546623356238479,gov_step,gov target step
1258.0,-0.6568428560139705,gov_step,gov target step
1259.0,-0.6614834813649506,gov_step,gov target step
1260.0,-0.6642370758855098,gov_step,gov target step
1261.0,-0.6551903803870562,gov_step,gov target step
1262.0,-0.6616951845282237,gov_step,gov target step
1263.0,-0.6622723857390445,gov_step,gov target step
1264.0,-0.653433511442838,gov_step,gov target step
1265.0,-0.6444978725549455,gov_step,gov target step
1266.0,-0.6454690019510712,gov_step,gov target step
1267.0,-0.6429850064245213,gov_step,gov target step
1268.0,-0.6455164260702362,gov_step,gov target step
1269.0,-0.6458692884503581,gov_step,gov target step
1270.0,-0.6467260581809597,gov_step,gov target step
1271.0,-0.6576525701658253,gov_step,gov target step
1272.0,-0.6443352405025804,gov_step,gov target step
1273.0,-0.6421010204144295,gov_step,gov target step
1274.0,-0.6363454463134577,gov_step,gov target step
1275.0,-0.6301421983203692,gov_step,gov target step
1276.0,-0.6261114973718396,gov_step,gov target step
1277.0,-0.6244653697637226,gov_step,gov target step
1278.0,-0.6272883981845578,gov_step,gov target step
1279.0,-0.6202125594938845,gov_step,gov target step
1280.0,-0.6102913060369719,gov_step,gov target step
1281.0,-0.621481518608078,gov_step,gov target step
1282.0,-0.6302577535606391,gov_step,gov target step
1283.0,-0.6312617740045234,gov_step,gov target step
1284.0,-0.6220219654188952,gov_step,gov target step
1285.0,-0.6193127498794593,gov_step,gov target step
1286.0,-0.618025748232518,gov_step,gov target step
1287.0,-0.6177807195339002,gov_step,gov target step
1288.0,-0.6023783525980253,gov_step,gov target step
1289.0,-0.592132812125592,gov_step,gov target step
1290.0,-0.5957017594955816,gov_step,gov target step
1291.0,-0.6028272991964556,gov_step,gov target step
1292.0,-0.6019677620856623,gov_step,gov target step
1293.0,-0.5873799720636486,gov_step,gov target step
1294.0,-0.6074459254256981,gov_step,gov target step
1295.0,-0.6040571194291999,gov_step,gov target step
1296.0,-0.599271881248935,gov_step,gov target step
1297.0,-0.6030869409458761,gov_step,gov target step
1298.0,-0.5781345741453969,gov_step,gov target step
1299.0,-0.5795168152048813,gov_step,gov target step
1300.0,-0.5826283668050714,gov_step,gov target step
1301.0,-0.5835432753373926,gov_step,gov target step
1302.0,-0.585179927600421,gov_step,gov target step
1303.0,-0.5976746318366755,gov_step,gov target step
1304.0,-0.5937755776510767,gov_step,gov target step
1305.0,-0.5893279991603873,gov_step,gov target step
1306.0,-0.5796773839893565,gov_step,gov target step
1307.0,-0.564444512537583,gov_step,gov target step
1308.0,-0.5514484435905276,gov_step,gov target step
1309.0,-0.5518229040450984,gov_step,gov target step
1310.0,-0.5697448699104624,gov_step,gov target step
1311.0,-0.5768923748274557,gov_step,gov target step
1312.0,-0.573078967406857,gov_step,gov target step
1313.0,-0.5668743316896996,gov_step,gov target step
1314.0,-0.5809649610730161,gov_step,gov target step
1315.0,-0.5663202909140752,gov_step,gov target step
1316.0,-0.5665004884202385,gov_step,gov target step
1317.0,-0.5596694812954195,gov_step,gov target step
1318.0,-0.5554694521789294,gov_step,gov target step
1319.0,-0.563649544753595,gov_step,gov target step
1320.0,-0.567193923152467,gov_step,gov target step
1321.0,-0.5530803080127589,gov_step,gov target step
1322.0,-0.5530563916545517,gov_step,gov target step
1323.0,-0.5516732008492653,gov_step,gov target step
1324.0,-0.5457451277241754,gov_step,gov target step
1325.0,-0.5435248134559001,gov_step,gov target step
1326.0,-0.5371265032849881,gov_step,gov target step
1327.0,-0.5379829010281156,gov_step,gov target step
1328.0,-0.5354688328445478,gov_step,gov target step
1329.0,-0.5443494767915258,gov_step,gov target step
1330.0,-0.541583884557364,gov_step,gov target step
1331.0,-0.5299792694887606,gov_step,gov target step
1332.0,-0.5266859009194169,gov_step,gov target step
1333.0,-0.5078177237656645,gov_step,gov target step
1334.0,-0.5207477134411187,gov_step,gov target step
1335.0,-0.5348191988760287,gov_step,gov target step
1336.0,-0.5360188650069175,gov_step,gov target step
1337.0,-0.5480695892599075,gov_step,gov target step
1338.0,-0.5412114113111177,gov_step,gov target step
1339.0,-0.533795543811848,gov_step,gov target step
1340.0,-0.5111159599506987,gov_step,gov target step
1341.0,-0.5093153965986552,gov_step,gov target step
1342.0,-0.5115582867067814,gov_step,gov target step
1343.0,-0.511749630181193,gov_step,gov target step
1344.0,-0.5099769372110186,gov_step,gov target step
1345.0,-0.5011485902379254,gov_step,gov target step
1346.0,-0.5019639660652886,gov_step,gov target step
1347.0,-0.52021738024983,gov_step,gov target step
1348.0,-0.5185505386566791,gov_step,gov target step
1349.0,-0.5103358166957284,gov_step,gov target step
1350.0,-0.5093945169272773,gov_step,gov target step
1351.0,-0.5178838314190082,gov_step,gov target step
1352.0,-0.5099392231706146,gov_step,gov target step
1353.0,-0.5067002813849775,gov_step,gov target step
1354.0,1.0129015980317346,gov_step,gov target step
1355.0,0.46894935294957474,gov_step,gov target step
1356.0,0.46014886449029735,gov_step,gov target step
1357.0,0.48208565734107367,gov_step,gov target step
1358.0,0.47262202555288013,gov_step,gov target step
1359.0,0.46973520626471643,gov_step,gov target step
1360.0,0.46912324103884906,gov_step,gov target step
1361.0,0.4674703444774009,gov_step,gov target step
1362.0,0.4664256246879095,gov_step,gov target step
1363.0,0.46600948227335515,gov_step,gov target step
1364.0,0.4646728506328124,gov_step,gov target step
1365.0,0.46362710700590615,gov_step,gov target step
1366.0,0.4644174287119185,gov_step,gov target step
1367.0,0.46213391201333387,gov_step,gov target step
1368.0,0.46177527949097463,gov_step,gov target step
1369.0,0.4613972092264129,gov_step,gov target step
1370.0,0.4610721209133173,gov_step,gov target step
1371.0,0.4608006235143147,gov_step,gov target step
1372.0,0.46010433407626117,gov_step,gov target step
1373.0,0.4600845082037841,gov_step,gov target step
1374.0,0.45966435459968924,gov_step,gov target step
1375.0,0.4588206906420611,gov_step,gov target step
1376.0,0.4585846829006446,gov_step,gov target step
1377.0,0.4591164905647238,gov_step,gov target step
1378.0,0.4590414066297077,gov_step,gov target step
1379.0,0.4587223994648637,gov_step,gov target step
1380.0,0.45859283751709334,gov_step,gov target step
1381.0,0.4584755696257359,gov_step,gov target step
1382.0,0.45825577527320416,gov_step,gov target step
1383.0,0.4581840663575587,gov_step,gov target step
1384.0,0.4565391373107053,gov_step,gov target step
1385.0,0.4578051438182795,gov_step,gov target step
1386.0,0.4574222966222008,gov_step,gov target step
1387.0,0.45796158016767397,gov_step,gov target step
1388.0,0.45757491595097566,gov_step,gov target step
1389.0,0.45759341037175716,gov_step,gov target step
1390.0,0.4575391355771652,gov_step,gov target step
1391.0,0.4572425779878797,gov_step,gov target step
1392.0,0.4567825721582919,gov_step,gov target step
1393.0,0.4565358549934606,gov_step,gov target step
1394.0,0.4570683798671915,gov_step,gov target step
1395.0,0.4568667344644961,gov_step,gov target step
1396.0,0.45645536789312935,gov_step,gov target step
1397.0,0.45633596718704705,gov_step,gov target step
1398.0,0.4567073885380024,gov_step,gov target step
1399.0,0.45651472301088347,gov_step,gov target step
1400.0,0.4562947680504381,gov_step,gov target step
1401.0,0.45614388430352815,gov_step,gov target step
1402.0,0.45651332530872946,gov_step,gov target step
1403.0,0.4563052571012527,gov_step,gov target step
1404.0,0.4558114251856793,gov_step,gov target step
1405.0,0.45585260236144176,gov_step,gov target step
1406.0,0.45620200545724465,gov_step,gov target step
1407.0,0.45636212630599804,gov_step,gov target step
1408.0,0.4557668473009757,gov_step,gov target step
1409.0,0.45551433875474334,gov_step,gov target step
1410.0,0.45573964101946807,gov_step,gov target step
1411.0,0.455192457792819,gov_step,gov target step
1412.0,0.45512179577158474,gov_step,gov target step
1413.0,0.45542680810097824,gov_step,gov target step
1414.0,0.4552365611357967,gov_step,gov target step
1415.0,0.4555816739142182,gov_step,gov target step
1416.0,0.45512129545608904,gov_step,gov target step
1417.0,0.45479374077199264,gov_step,gov target step
1418.0,0.4547404959938328,gov_step,gov target step
1419.0,0.45634558681596715,gov_step,gov target step
1420.0,0.4547911693018758,gov_step,gov target step
1421.0,0.4538702070091416,gov_step,gov target step
1422.0,0.456089902368606,gov_step,gov target step
1423.0,0.4558012387566057,gov_step,gov target step
1424.0,0.45399905291557907,gov_step,gov target step
1425.0,0.45424321027315084,gov_step,gov target step
1426.0,0.4543754840399439,gov_step,gov target step
1427.0,0.45425920208360004,gov_step,gov target step
1428.0,0.45391328013881793,gov_step,gov target step
1429.0,0.45375841363044067,gov_step,gov target step
1430.0,0.45387992452505355,gov_step,gov target step
1431.0,0.45397381109185453,gov_step,gov target step
1432.0,0.45313203464167007,gov_step,gov target step
1433.0,0.4527879015980085,gov_step,gov target step
1434.0,0.45297604796201707,gov_step,gov target step
1435.0,0.454214844185552,gov_step,gov target step
1436.0,0.45316618221559857,gov_step,gov target step
1437.0,0.45216311178101876,gov_step,gov target step
1438.0,0.4321571850601069,gov_step,gov target step
1439.0,0.4435249268062069,gov_step,gov target step
1440.0,0.44156430909902067,gov_step,gov target step
1441.0,0.44144654969071606,gov_step,gov target step
1442.0,0.44129474728090035,gov_step,gov target step
1443.0,0.44136196055464705,gov_step,gov target step
1444.0,0.4409627743355138,gov_step,gov target step
1445.0,0.44102244863199136,gov_step,gov target step
1446.0,0.4413288457465381,gov_step,gov target step
1447.0,0.4412195791329543,gov_step,gov target step
1448.0,0.4408037516623642,gov_step,gov target step
1449.0,0.4405173314953137,gov_step,gov target step
1450.0,0.4408614082944995,gov_step,gov target step
1451.0,0.4406009441374037,gov_step,gov target step
1452.0,0.44032372936164244,gov_step,gov target step
1453.0,0.44004876278516125,gov_step,gov target step
1454.0,0.4403714518338031,gov_step,gov target step
1455.0,0.4407143963058502,gov_step,gov target step
1456.0,0.4398448431591895,gov_step,gov target step
1457.0,0.4395489441135769,gov_step,gov target step
1458.0,0.43985498821394575,gov_step,gov target step
1459.0,0.4401292339788032,gov_step,gov target step
1460.0,0.43983709609308086,gov_step,gov target step
1461.0,0.4397890325350273,gov_step,gov target step
1462.0,0.4391579719088723,gov_step,gov target step
1463.0,0.4396670381715895,gov_step,gov target step
1464.0,0.4393935343820665,gov_step,gov target step
1465.0,0.4392699934231903,gov_step,gov target step
1466.0,0.43919975446065074,gov_step,gov target step
1467.0,0.43890151673797284,gov_step,gov target step
1468.0,0.43909012342333575,gov_step,gov target step
1469.0,0.43860731253897,gov_step,gov target step
1470.0,0.4388010290083155,gov_step,gov target step
1471.0,0.43854730643852147,gov_step,gov target step
1472.0,0.4381809123461089,gov_step,gov target step
1473.0,0.4384970085983353,gov_step,gov target step
1474.0,0.43856799477761665,gov_step,gov target step
1475.0,0.43844449555320963,gov_step,gov target step
1476.0,0.43813958078759985,gov_step,gov target step
1477.0,0.43838310007064507,gov_step,gov target step
1478.0,0.43774184087070456,gov_step,gov target step
1479.0,0.4379888834910117,gov_step,gov target step
1480.0,0.4379184079207521,gov_step,gov target step
1481.0,0.43811806436318435,gov_step,gov target step
1482.0,0.4381115817230796,gov_step,gov target step
1483.0,0.437420624699163,gov_step,gov target step
1484.0,0.43739095717595156,gov_step,gov target step
1485.0,0.4373617116818318,gov_step,gov target step
1486.0,0.437174014682582,gov_step,gov target step
1487.0,0.43736030594004216,gov_step,gov target step
1488.0,0.43676044966320493,gov_step,gov target step
1489.0,0.43689861937229235,gov_step,gov target step
1490.0,0.4369093461452689,gov_step,gov target step
1491.0,0.43716718320546466,gov_step,gov target step
1492.0,0.4366668319527278,gov_step,gov target step
1493.0,0.43630333536992083,gov_step,gov target step
1494.0,0.4365819749948807,gov_step,gov target step
1495.0,0.43618517532867607,gov_step,gov target step
1496.0,0.435646560698566,gov_step,gov target step
1497.0,0.4360722303645481,gov_step,gov target step
1498.0,0.4357591633566704,gov_step,gov target step
1499.0,0.4359134705739409,gov_step,gov target step
1500.0,0.4358505556926362,gov_step,gov target step
1501.0,0.43562653955307784,gov_step,gov target step
1502.0,0.43525263456723806,gov_step,gov target step
1503.0,0.4358205666271786,gov_step,gov target step
1504.0,0.43554473880536904,gov_step,gov target step
1505.0,0.43545778933934187,gov_step,gov target step
1506.0,0.43529862965737465,gov_step,gov target step
1507.0,0.43538148445898095,gov_step,gov target step
1508.0,0.4344875360835365,gov_step,gov target step
1509.0,0.4348594432611641,gov_step,gov target step
1510.0,0.43467018676436986,gov_step,gov target step
1511.0,0.43490664893501396,gov_step,gov target step
1512.0,0.43466883755629127,gov_step,gov target step
1513.0,0.43470194015641894,gov_step,gov target step
1514.0,0.4345993604999565,gov_step,gov target step
1515.0,0.434358134745918,gov_step,gov target step
1516.0,0.4338851181773373,gov_step,gov target step
1517.0,0.4338793845613953,gov_step,gov target step
1518.0,0.4343363900824082,gov_step,gov target step
1519.0,0.43394275546296157,gov_step,gov target step
1520.0,0.4337377613120941,gov_step,gov target step
1521.0,0.43355840760815223,gov_step,gov target step
1522.0,0.4334205526202206,gov_step,gov target step
1523.0,0.43379300842930846,gov_step,gov target step
1524.0,0.4329684991294869,gov_step,gov target step
1525.0,0.43270280340487854,gov_step,gov target step
1526.0,0.4330279111486979,gov_step,gov target step
1527.0,0.4332094394431074,gov_step,gov target step
1528.0,0.432805754791068,gov_step,gov target step
1529.0,0.4327720667376811,gov_step,gov target step
1530.0,0.43291053149240977,gov_step,gov target step
1531.0,0.4326596388480297,gov_step,gov target step
1532.0,0.432570828262131,gov_step,gov target step
1533.0,0.43273270111988893,gov_step,gov target step
1534.0,0.43219473854819945,gov_step,gov target step
1535.0,0.43221295148911487,gov_step,gov target step
1536.0,0.43200596036629957,gov_step,gov target step
1537.0,0.43213588843192596,gov_step,gov target step
1538.0,0.43174242552660225,gov_step,gov target step
1539.0,0.43205465337592397,gov_step,gov target step
1540.0,0.4315039126511788,gov_step,gov target step
1541.0,0.4309809494569361,gov_step,gov target step
1542.0,0.4313262923040684,gov_step,gov target step
1543.0,0.4317597694319808,gov_step,gov target step
1544.0,0.43124408634350964,gov_step,gov target step
1545.0,0.4309773853386556,gov_step,gov target step
1546.0,0.43125646621574365,gov_step,gov target step
1547.0,0.43138534496167225,gov_step,gov target step
1548.0,0.43038829379602905,gov_step,gov target step
1549.0,0.4305017298077596,gov_step,gov target step
1550.0,0.43045988765407106,gov_step,gov target step
1551.0,0.43043195660875444,gov_step,gov target step
1552.0,0.4301411453299364,gov_step,gov target step
1553.0,0.43026473788479347,gov_step,gov target step
1554.0,0.4299890843606802,gov_step,gov target step
1555.0,0.4297394575258906,gov_step,gov target step
1556.0,0.42983224914898255,gov_step,gov target step
1557.0,0.4298904282944571,gov_step,gov target step
1558.0,0.42991612754210706,gov_step,gov target step
1559.0,0.4298147652322015,gov_step,gov target step
1560.0,0.42916808278425034,gov_step,gov target step
1561.0,0.42976746880733163,gov_step,gov target step
1562.0,0.4290845502512397,gov_step,gov target step
1563.0,0.42901436148273575,gov_step,gov target step
1564.0,0.4291950307804582,gov_step,gov target step
1565.0,0.4289652584450865,gov_step,gov target step
1566.0,0.4287025398897226,gov_step,gov target step
1567.0,0.42873328194028115,gov_step,gov target step
1568.0,0.42821644523921787,gov_step,gov target step
1569.0,0.42840592347209494,gov_step,gov target step
1570.0,0.428035876475823,gov_step,gov target step
1571.0,0.42836881277088956,gov_step,gov target step
1572.0,0.42811014196776576,gov_step,gov target step
1573.0,0.4281230605455866,gov_step,gov target step
1574.0,0.4276556233963591,gov_step,gov target step
1575.0,0.4278158632842244,gov_step,gov target step
1576.0,0.42724878590642223,gov_step,gov target step
1577.0,0.4272845556151905,gov_step,gov target step
1578.0,0.4278633494261497,gov_step,gov target step
1579.0,0.42759067365123027,gov_step,gov target step
1580.0,0.4271810622834993,gov_step,gov target step
1581.0,0.42716650295991254,gov_step,gov target step
1582.0,0.4270212420924979,gov_step,gov target step
1583.0,0.42669904396607894,gov_step,gov target step
1584.0,0.4263331025357475,gov_step,gov target step
1585.0,0.4266054451100132,gov_step,gov target step
1586.0,0.4265740834958409,gov_step,gov target step
1587.0,0.42658173111878916,gov_step,gov target step
1588.0,0.4260043737334085,gov_step,gov target step
1589.0,0.42600438101151994,gov_step,gov target step
1590.0,0.42581856697396336,gov_step,gov target step
1591.0,0.4258430651519829,gov_step,gov target step
1592.0,0.4260989864111808,gov_step,gov target step
1593.0,0.4256129451353541,gov_step,gov target step
1594.0,0.4251899804504511,gov_step,gov target step
1595.0,0.42560967805116423,gov_step,gov target step
1596.0,0.4248392554561242,gov_step,gov target step
1597.0,0.42513787101389866,gov_step,gov target step
1598.0,0.4249787331613897,gov_step,gov target step
1599.0,0.425328533196887,gov_step,gov target step
1600.0,0.4249003520232497,gov_step,gov target step
1601.0,0.4244030096053475,gov_step,gov target step
1602.0,0.4243602907718236,gov_step,gov target step
1603.0,0.42450510191667234,gov_step,gov target step
1604.0,0.4243825045769656,gov_step,gov target step
1605.0,0.42412390211967743,gov_step,gov target step
1606.0,0.4237636428480096,gov_step,gov target step
1607.0,0.42369771056947947,gov_step,gov target step
1608.0,0.4237351637686082,gov_step,gov target step
1609.0,0.42405806669259416,gov_step,gov target step
1610.0,0.42333927931485604,gov_step,gov target step
1611.0,0.42359578774501916,gov_step,gov target step
1612.0,0.42295860551879727,gov_step,gov target step
1613.0,0.42304417779991166,gov_step,gov target step
1614.0,0.4233501914740323,gov_step,gov target step
1615.0,0.4229016962460097,gov_step,gov target step
1616.0,0.42237144214558153,gov_step,gov target step
1617.0,0.4226666024208958,gov_step,gov target step
1618.0,0.42287262039148565,gov_step,gov target step
1619.0,0.42287710183063876,gov_step,gov target step
1620.0,0.42229004453896657,gov_step,gov target step
1621.0,0.4222156261914689,gov_step,gov target step
1622.0,0.42195745672219953,gov_step,gov target step
1623.0,0.4224634592409382,gov_step,gov target step
1624.0,0.4212851787809502,gov_step,gov target step
1625.0,0.42201825948449123,gov_step,gov target step
1626.0,0.4210270558231155,gov_step,gov target step
1627.0,0.4212682199551665,gov_step,gov target step
1628.0,0.4212496474718286,gov_step,gov target step
1629.0,0.42148424497449266,gov_step,gov target step
1630.0,0.4211772270059777,gov_step,gov target step
1631.0,0.42106182238136114,gov_step,gov target step
1632.0,0.42101313354205416,gov_step,gov target step
1633.0,0.42056738986455233,gov_step,gov target step
1634.0,0.4208414141504013,gov_step,gov target step
1635.0,0.4207337987993576,gov_step,gov target step
1636.0,0.4201968461436989,gov_step,gov target step
1637.0,0.4202970243605142,gov_step,gov target step
1638.0,0.4196436495664724,gov_step,gov target step
1639.0,0.42021010225564037,gov_step,gov target step
1640.0,0.4195880420274589,gov_step,gov target step
1641.0,0.41962922980797845,gov_step,gov target step
1642.0,0.41957740525173204,gov_step,gov target step
1643.0,0.4195956092119646,gov_step,gov target step
1644.0,0.41893272131606984,gov_step,gov target step
1645.0,0.41910987729297133,gov_step,gov target step
1646.0,0.4190312982807809,gov_step,gov target step
1647.0,0.41906389709382985,gov_step,gov target step
1648.0,0.41869348558738917,gov_step,gov target step
1649.0,0.418858031869509,gov_step,gov target step
1650.0,0.418527173007468,gov_step,gov target step
1651.0,0.41853653201587626,gov_step,gov target step
1652.0,0.41811414989246565,gov_step,gov target step
1653.0,0.4179918389062731,gov_step,gov target step
1654.0,0.41819215348090744,gov_step,gov target step
1655.0,0.4180798994403112,gov_step,gov target step
1656.0,0.4178114658577359,gov_step,gov target step
1657.0,0.4174293293471676,gov_step,gov target step
1658.0,0.4176466140875812,gov_step,gov target step
1659.0,0.41759792841940424,gov_step,gov target step
1660.0,0.41684587521562566,gov_step,gov target step
1661.0,0.4174093214397301,gov_step,gov target step
1662.0,0.41693936991242353,gov_step,gov target step
1663.0,0.417172792467988,gov_step,gov target step
1664.0,0.4158546587145606,gov_step,gov target step
1665.0,0.41661453224948186,gov_step,gov target step
1666.0,0.4163785315897739,gov_step,gov target step
1667.0,0.41650778399392685,gov_step,gov target step
1668.0,0.416424965474258,gov_step,gov target step
1669.0,0.4161491652069138,gov_step,gov target step
1670.0,0.41580254620092294,gov_step,gov target step
1671.0,0.41609374344085737,gov_step,gov target step
1672.0,0.41591306158647257,gov_step,gov target step
1673.0,0.41546009430425634,gov_step,gov target step
1674.0,0.41585291266546864,gov_step,gov target step
1675.0,0.41536744086713373,gov_step,gov target step
1676.0,0.41455944936704014,gov_step,gov target step
1677.0,0.4147792342431922,gov_step,gov target step
1678.0,0.4146321584417878,gov_step,gov target step
1679.0,0.4151073743396205,gov_step,gov target step
1680.0,0.41454727065766583,gov_step,gov target step
1681.0,0.41454869595166866,gov_step,gov target step
1682.0,0.4144067024783693,gov_step,gov target step
1683.0,0.41464553712191154,gov_step,gov target step
1684.0,0.4141841698562798,gov_step,gov target step
1685.0,0.4134224707105094,gov_step,gov target step
1686.0,0.4143615397568068,gov_step,gov target step
1687.0,0.41343465190883943,gov_step,gov target step
1688.0,0.41312155212430035,gov_step,gov target step
1689.0,0.4132614563481196,gov_step,gov target step
1690.0,0.41354063689144294,gov_step,gov target step
1691.0,0.41375080890596827,gov_step,gov target step
1692.0,0.4129044032137541,gov_step,gov target step
1693.0,0.41262066025415933,gov_step,gov target step
1694.0,0.41267596643832505,gov_step,gov target step
1695.0,0.4127345894677559,gov_step,gov target step
1696.0,0.4121264743262998,gov_step,gov target step
1697.0,0.41196266830055617,gov_step,gov target step
1698.0,0.4123703537182877,gov_step,gov target step
1699.0,0.41213713525490636,gov_step,gov target step
1700.0,0.412097937578082,gov_step,gov target step
1701.0,0.41187836065017525,gov_step,gov target step
1702.0,0.4115789692799465,gov_step,gov target step
1703.0,0.41146180043646563,gov_step,gov target step
1704.0,0.4112042101565594,gov_step,gov target step
1705.0,0.4111936275448258,gov_step,gov target step
1706.0,0.41115126927914414,gov_step,gov target step
1707.0,0.4112272345088108,gov_step,gov target step
1708.0,0.41051029832086083,gov_step,gov target step
1709.0,0.4108843257736705,gov_step,gov target step
1710.0,0.41054667628090513,gov_step,gov target step
1711.0,0.41033710076389784,gov_step,gov target step
1712.0,0.4101055693536537,gov_step,gov target step
1713.0,0.4103586366080991,gov_step,gov target step
1714.0,0.40989864513266916,gov_step,gov target step
1715.0,0.410018480365113,gov_step,gov target step
1716.0,0.4093848020344115,gov_step,gov target step
1717.0,0.40942707875673445,gov_step,gov target step
1718.0,0.4099521174662968,gov_step,gov target step
1719.0,0.40921641758810523,gov_step,gov target step
1720.0,0.4089998246897819,gov_step,gov target step
1721.0,0.40847424712428637,gov_step,gov target step
1722.0,0.40932954084837103,gov_step,gov target step
1723.0,0.40907677090835204,gov_step,gov target step
1724.0,0.40848960295558623,gov_step,gov target step
1725.0,0.4081526627183285,gov_step,gov target step
1726.0,0.40860278354287516,gov_step,gov target step
1727.0,0.4083933107402382,gov_step,gov target step
1728.0,0.40756759961866784,gov_step,gov target step
1729.0,0.4083282372197994,gov_step,gov target step
1730.0,0.40728425413336655,gov_step,gov target step
1731.0,0.40790310942027563,gov_step,gov target step
1732.0,0.40736382536995297,gov_step,gov target step
1733.0,0.4069269453781166,gov_step,gov target step
1734.0,0.40676884826803317,gov_step,gov target step
1735.0,0.4070127662502854,gov_step,gov target step
1736.0,0.4063624228394147,gov_step,gov target step
1737.0,0.40626081385697344,gov_step,gov target step
1738.0,0.40682915568897027,gov_step,gov target step
1739.0,0.406347487984835,gov_step,gov target step
1740.0,0.40639735363516394,gov_step,gov target step
1741.0,0.4059396446640928,gov_step,gov target step
1742.0,0.40594270375776453,gov_step,gov target step
1743.0,0.405435684934945,gov_step,gov target step
1744.0,0.40568495370102653,gov_step,gov target step
1745.0,0.40551339090082017,gov_step,gov target step
1746.0,0.4053339639853215,gov_step,gov target step
1747.0,0.40551600708183866,gov_step,gov target step
1748.0,0.4047569926320804,gov_step,gov target step
1749.0,0.4048776884076277,gov_step,gov target step
1750.0,0.4046282748665142,gov_step,gov target step
1751.0,0.40448597435287503,gov_step,gov target step
1752.0,0.4043529200371765,gov_step,gov target step
1753.0,0.4042715198917257,gov_step,gov target step
1754.0,0.4041969299625059,gov_step,gov target step
1755.0,0.40462280957842545,gov_step,gov target step
1756.0,0.4039805503267635,gov_step,gov target step
1757.0,0.4030044524325449,gov_step,gov target step
1758.0,0.40388325426527594,gov_step,gov target step
1759.0,0.4030509592224574,gov_step,gov target step
1760.0,0.40281836085166667,gov_step,gov target step
1761.0,0.4030608358553822,gov_step,gov target step
1762.0,0.40295348193784,gov_step,gov target step
1763.0,0.40331819294424864,gov_step,gov target step
1764.0,0.4025569744818247,gov_step,gov target step
1765.0,0.4021753976121234,gov_step,gov target step
1766.0,0.4023393192832403,gov_step,gov target step
1767.0,0.40232986387029435,gov_step,gov target step
1768.0,0.4023200730628629,gov_step,gov target step
1769.0,0.4021394977304027,gov_step,gov target step
1770.0,0.40136675282608447,gov_step,gov target step
1771.0,0.40164867722804143,gov_step,gov target step
1772.0,0.4014845482080931,gov_step,gov target step
1773.0,0.4008776330811781,gov_step,gov target step
1774.0,0.40090436030663756,gov_step,gov target step
1775.0,0.4009136443919914,gov_step,gov target step
1776.0,0.4008356720590145,gov_step,gov target step
1777.0,0.4008485905864889,gov_step,gov target step
1778.0,0.40060742660069426,gov_step,gov target step
1779.0,0.40036972478433075,gov_step,gov target step
1780.0,0.4000485135604448,gov_step,gov target step
1781.0,0.3999639315787862,gov_step,gov target step
1782.0,0.3999351072077628,gov_step,gov target step
1783.0,0.3997077686072048,gov_step,gov target step
1784.0,0.3993006193609938,gov_step,gov target step
1785.0,0.39991038311822713,gov_step,gov target step
1786.0,0.3994479351102731,gov_step,gov target step
1787.0,0.39954300941594134,gov_step,gov target step
1788.0,0.398788573886133,gov_step,gov target step
1789.0,0.3984409005382483,gov_step,gov target step
1790.0,0.39882997222085326,gov_step,gov target step
1791.0,0.3988110587111082,gov_step,gov target step
1792.0,0.3978772002902753,gov_step,gov target step
1793.0,0.3981755478969351,gov_step,gov target step
1794.0,0.39837028337461167,gov_step,gov target step
1795.0,0.3984755333322143,gov_step,gov target step
1796.0,0.3981085505740056,gov_step,gov target step
1797.0,0.39726374323829194,gov_step,gov target step
1798.0,0.3975078177572078,gov_step,gov target step
1799.0,0.39739267153499735,gov_step,gov target step
